reference_id,status,ledger_amount,gateway_amount
TXN100000,MATCHED,943912,943912
TXN100001,MATCHED,2317113,2317113
TXN100002,MISSING_IN_GATEWAY,1180528,
TXN100003,MATCHED,4584866,4584866
TXN100004,MATCHED,3549336,3549336
TXN100005,MATCHED,795972,795972
TXN100006,MATCHED,4249227,4249227
TXN100007,MATCHED,4718064,4718064
TXN100008,MATCHED,4581300,4581300
TXN100009,MATCHED,3778238,3778238
TXN100010,MISSING_IN_GATEWAY,64515,
TXN100011,MATCHED,1349319,1349319
TXN100012,MATCHED,2864228,2864228
TXN100013,AMOUNT_MISMATCH,1816182,1816026
TXN100014,MATCHED,867401,867401
TXN100015,MATCHED,821315,821315
TXN100016,MATCHED,2895309,2895309
TXN100017,MISSING_IN_GATEWAY,374488,
TXN100018,MATCHED,4508207,4508207
TXN100019,MATCHED,3185376,3185376
TXN100020,MISSING_IN_GATEWAY,2469357,
TXN100021,MATCHED,4853180,4853180
TXN100022,MATCHED,593470,593470
TXN100023,MISSING_IN_GATEWAY,1921749,
TXN100024,MISSING_IN_GATEWAY,679343,
TXN100025,MATCHED,3198729,3198729
TXN100026,MATCHED,3070434,3070434
TXN100027,MATCHED,2990226,2990226
TXN100028,MISSING_IN_GATEWAY,2249572,
TXN100029,MATCHED,608967,608967
TXN100030,MATCHED,1445615,1445615
TXN100031,MATCHED,2063622,2063622
TXN100032,MATCHED,3193102,3193102
TXN100033,MATCHED,4682033,4682033
TXN100034,MISSING_IN_GATEWAY,2730280,
TXN100035,MISSING_IN_GATEWAY,1931394,
TXN100036,MATCHED,3375214,3375214
TXN100037,AMOUNT_MISMATCH,1779852,1779932
TXN100038,MATCHED,2649709,2649709
TXN100039,MATCHED,4197855,4197855
TXN100040,MATCHED,3859128,3859128
TXN100041,MATCHED,1181304,1181304
TXN100042,MATCHED,4719097,4719097
TXN100043,MATCHED,4913862,4913862
TXN100044,MATCHED,4905028,4905028
TXN100045,DUPLICATE_IN_GATEWAY,1849795,1849795
TXN100046,MATCHED,1170410,1170410
TXN100047,MISSING_IN_GATEWAY,772603,
TXN100048,MATCHED,929803,929803
TXN100049,MISSING_IN_GATEWAY,1352026,
TXN100050,MATCHED,542909,542909
TXN100051,MATCHED,3936287,3936287
TXN100052,AMOUNT_MISMATCH,4650795,4650306
TXN100053,MATCHED,970929,970929
TXN100054,MISSING_IN_GATEWAY,4514433,
TXN100055,MATCHED,2863598,2863598
TXN100056,MATCHED,3657075,3657075
TXN100057,AMOUNT_MISMATCH,37223,37619
TXN100058,DUPLICATE_IN_GATEWAY,2219467,2219467
TXN100059,MATCHED,1508640,1508640
TXN100060,AMOUNT_MISMATCH,902638,902443
TXN100061,MATCHED,4268584,4268584
TXN100062,MATCHED,1292108,1292108
TXN100063,MATCHED,1365171,1365171
TXN100064,AMOUNT_MISMATCH,4458929,4459042
TXN100065,MATCHED,2729218,2729218
TXN100066,AMOUNT_MISMATCH,948414,948813
TXN100067,MATCHED,2589615,2589615
TXN100068,AMOUNT_MISMATCH,2030577,2031046
TXN100069,MATCHED,670662,670662
TXN100070,MISSING_IN_GATEWAY,4086783,
TXN100071,MATCHED,1064955,1064955
TXN100072,AMOUNT_MISMATCH,3996957,3996626
TXN100073,MATCHED,2233456,2233456
TXN100074,DUPLICATE_IN_GATEWAY,3559538,3559538
TXN100075,MISSING_IN_GATEWAY,4533943,
TXN100076,MISSING_IN_GATEWAY,1697377,
TXN100077,DUPLICATE_IN_GATEWAY,3356989,3356989
TXN100078,MATCHED,3142478,3142478
TXN100079,MATCHED,4351740,4351740
TXN100080,MATCHED,2089583,2089583
TXN100081,MATCHED,2846067,2846067
TXN100082,MATCHED,4656630,4656630
TXN100083,MATCHED,1857317,1857317
TXN100084,MATCHED,503868,503868
TXN100085,MISSING_IN_GATEWAY,273510,
TXN100086,MATCHED,4323054,4323054
TXN100087,MATCHED,4081951,4081951
TXN100088,MISSING_IN_GATEWAY,1119912,
TXN100089,MATCHED,4800256,4800256
TXN100090,MISSING_IN_GATEWAY,2048408,
TXN100091,MATCHED,1607274,1607274
TXN100092,MATCHED,3625919,3625919
TXN100093,MATCHED,3458575,3458575
TXN100094,MATCHED,464420,464420
TXN100095,MATCHED,835588,835588
TXN100096,MISSING_IN_GATEWAY,2856276,
TXN100097,MATCHED,2095880,2095880
TXN100098,MATCHED,4508690,4508690
TXN100099,MATCHED,3548999,3548999
TXN100100,MATCHED,3890805,3890805
TXN100101,MATCHED,642374,642374
TXN100102,MATCHED,4626463,4626463
TXN100103,MISSING_IN_GATEWAY,4544780,
TXN100104,MATCHED,1992894,1992894
TXN100105,MATCHED,4083853,4083853
TXN100106,AMOUNT_MISMATCH,3374169,3373837
TXN100107,MATCHED,3189056,3189056
TXN100108,MATCHED,3285095,3285095
TXN100109,MATCHED,3826886,3826886
TXN100110,MATCHED,4672122,4672122
TXN100111,MATCHED,4092495,4092495
TXN100112,MATCHED,2498965,2498965
TXN100113,MATCHED,500593,500593
TXN100114,MATCHED,4558263,4558263
TXN100115,MATCHED,2640707,2640707
TXN100116,MATCHED,4910436,4910436
TXN100117,MATCHED,4465408,4465408
TXN100118,MATCHED,4269974,4269974
TXN100119,MATCHED,1568812,1568812
TXN100120,MATCHED,580097,580097
TXN100121,MATCHED,1983033,1983033
TXN100122,MATCHED,4788783,4788783
TXN100123,MATCHED,4997188,4997188
TXN100124,MATCHED,697726,697726
TXN100125,MATCHED,4906198,4906198
TXN100126,AMOUNT_MISMATCH,2663902,2663611
TXN100127,MATCHED,2645565,2645565
TXN100128,MATCHED,3330092,3330092
TXN100129,MATCHED,2526557,2526557
TXN100130,MATCHED,618535,618535
TXN100131,DUPLICATE_IN_GATEWAY,4732732,4732732
TXN100132,MATCHED,624555,624555
TXN100133,MATCHED,4253668,4253668
TXN100134,AMOUNT_MISMATCH,2937698,2938098
TXN100135,MATCHED,2059206,2059206
TXN100136,MATCHED,1333276,1333276
TXN100137,MISSING_IN_GATEWAY,4566842,
TXN100138,MATCHED,4447076,4447076
TXN100139,MATCHED,4662341,4662341
TXN100140,AMOUNT_MISMATCH,878946,878583
TXN100141,MATCHED,2228500,2228500
TXN100142,MISSING_IN_GATEWAY,907882,
TXN100143,MATCHED,1313991,1313991
TXN100144,MISSING_IN_GATEWAY,1776889,
TXN100145,MATCHED,1717898,1717898
TXN100146,MATCHED,2224457,2224457
TXN100147,AMOUNT_MISMATCH,2116557,2116923
TXN100148,MATCHED,436132,436132
TXN100149,MISSING_IN_GATEWAY,3563211,
TXN100150,MATCHED,39743,39743
TXN100151,MATCHED,1107394,1107394
TXN100152,MATCHED,2207440,2207440
TXN100153,MATCHED,3716384,3716384
TXN100154,MATCHED,3597697,3597697
TXN100155,MATCHED,948466,948466
TXN100156,MATCHED,1260357,1260357
TXN100157,MATCHED,3107208,3107208
TXN100158,MATCHED,1252300,1252300
TXN100159,MATCHED,360885,360885
TXN100160,AMOUNT_MISMATCH,344662,344377
TXN100161,MATCHED,2103207,2103207
TXN100162,MISSING_IN_GATEWAY,2976871,
TXN100163,AMOUNT_MISMATCH,1306487,1306229
TXN100164,DUPLICATE_IN_GATEWAY,1373163,1373163
TXN100165,AMOUNT_MISMATCH,1495222,1494747
TXN100166,MISSING_IN_GATEWAY,1514586,
TXN100167,MISSING_IN_GATEWAY,2796573,
TXN100168,MATCHED,2091777,2091777
TXN100169,MATCHED,916771,916771
TXN100170,MISSING_IN_GATEWAY,334845,
TXN100171,MISSING_IN_GATEWAY,1684138,
TXN100172,MATCHED,2943147,2943147
TXN100173,MATCHED,1919209,1919209
TXN100174,MATCHED,1630090,1630090
TXN100175,AMOUNT_MISMATCH,2347091,2347581
TXN100176,MATCHED,2351470,2351470
TXN100177,MATCHED,4283204,4283204
TXN100178,MATCHED,4508103,4508103
TXN100179,MATCHED,241530,241530
TXN100180,MATCHED,2201231,2201231
TXN100181,MATCHED,2236893,2236893
TXN100182,MATCHED,3655385,3655385
TXN100183,MATCHED,2641316,2641316
TXN100184,MATCHED,4300127,4300127
TXN100185,MATCHED,4846771,4846771
TXN100186,MISSING_IN_GATEWAY,382341,
TXN100187,MATCHED,24187,24187
TXN100188,MATCHED,4526862,4526862
TXN100189,MATCHED,1662850,1662850
TXN100190,AMOUNT_MISMATCH,596982,597424
TXN100191,MATCHED,2779918,2779918
TXN100192,MISSING_IN_GATEWAY,1055432,
TXN100193,MATCHED,2529285,2529285
TXN100194,MATCHED,3435848,3435848
TXN100195,MATCHED,2490135,2490135
TXN100196,MATCHED,1619271,1619271
TXN100197,MATCHED,3190501,3190501
TXN100198,MATCHED,1469847,1469847
TXN100199,MATCHED,2534550,2534550
TXN100200,MATCHED,13405,13405
TXN100201,MATCHED,1773140,1773140
TXN100202,MATCHED,4875264,4875264
TXN100203,MATCHED,2713222,2713222
TXN100204,MATCHED,3719105,3719105
TXN100205,MATCHED,4298038,4298038
TXN100206,MATCHED,1433474,1433474
TXN100207,MATCHED,2390572,2390572
TXN100208,MATCHED,2821762,2821762
TXN100209,MATCHED,1980220,1980220
TXN100210,MISSING_IN_GATEWAY,1894422,
TXN100211,MATCHED,214895,214895
TXN100212,MATCHED,3995732,3995732
TXN100213,MATCHED,620927,620927
TXN100214,MATCHED,4839077,4839077
TXN100215,MATCHED,3231044,3231044
TXN100216,MATCHED,2056689,2056689
TXN100217,AMOUNT_MISMATCH,56513,56894
TXN100218,MISSING_IN_GATEWAY,904119,
TXN100219,MATCHED,1845772,1845772
TXN100220,MATCHED,4354944,4354944
TXN100221,MATCHED,4685858,4685858
TXN100222,MATCHED,1028029,1028029
TXN100223,MATCHED,3907709,3907709
TXN100224,MATCHED,4698605,4698605
TXN100225,MATCHED,3722574,3722574
TXN100226,MATCHED,4244386,4244386
TXN100227,MATCHED,4605883,4605883
TXN100228,MISSING_IN_GATEWAY,1345113,
TXN100229,MATCHED,3991857,3991857
TXN100230,MISSING_IN_GATEWAY,2083997,
TXN100231,MATCHED,4382979,4382979
TXN100232,MATCHED,2016939,2016939
TXN100233,MISSING_IN_GATEWAY,659977,
TXN100234,MATCHED,1977074,1977074
TXN100235,AMOUNT_MISMATCH,2691918,2691500
TXN100236,MATCHED,1170765,1170765
TXN100237,MATCHED,3223132,3223132
TXN100238,MATCHED,1804766,1804766
TXN100239,MATCHED,3429191,3429191
TXN100240,MATCHED,3918456,3918456
TXN100241,MISSING_IN_GATEWAY,1745052,
TXN100242,AMOUNT_MISMATCH,4909613,4909133
TXN100243,MATCHED,4839240,4839240
TXN100244,AMOUNT_MISMATCH,59459,59264
TXN100245,MISSING_IN_GATEWAY,3281445,
TXN100246,MISSING_IN_GATEWAY,4524921,
TXN100247,MISSING_IN_GATEWAY,4591289,
TXN100248,MATCHED,4105565,4105565
TXN100249,MATCHED,3666057,3666057
TXN100250,MATCHED,3271970,3271970
TXN100251,MISSING_IN_GATEWAY,3401654,
TXN100252,AMOUNT_MISMATCH,3930752,3930889
TXN100253,MATCHED,4490553,4490553
TXN100254,MATCHED,3315281,3315281
TXN100255,MATCHED,237348,237348
TXN100256,MATCHED,3605464,3605464
TXN100257,MATCHED,3883007,3883007
TXN100258,MATCHED,2192349,2192349
TXN100259,MATCHED,1785535,1785535
TXN100260,MISSING_IN_GATEWAY,2841159,
TXN100261,MATCHED,3190341,3190341
TXN100262,MATCHED,3546342,3546342
TXN100263,MATCHED,697079,697079
TXN100264,MATCHED,4534974,4534974
TXN100265,MATCHED,2945680,2945680
TXN100266,MISSING_IN_GATEWAY,585612,
TXN100267,AMOUNT_MISMATCH,270298,270002
TXN100268,MATCHED,180959,180959
TXN100269,MATCHED,2011060,2011060
TXN100270,MATCHED,969568,969568
TXN100271,MATCHED,1838419,1838419
TXN100272,MISSING_IN_GATEWAY,2159527,
TXN100273,MATCHED,1417517,1417517
TXN100274,MISSING_IN_GATEWAY,970771,
TXN100275,DUPLICATE_IN_GATEWAY,1383767,1383767
TXN100276,MATCHED,916798,916798
TXN100277,MATCHED,2626887,2626887
TXN100278,MATCHED,3158302,3158302
TXN100279,MATCHED,1673710,1673710
TXN100280,MATCHED,2047168,2047168
TXN100281,MISSING_IN_GATEWAY,2539858,
TXN100282,MISSING_IN_GATEWAY,4757386,
TXN100283,MATCHED,4478991,4478991
TXN100284,MATCHED,3118573,3118573
TXN100285,MATCHED,2872454,2872454
TXN100286,MISSING_IN_GATEWAY,3533708,
TXN100287,DUPLICATE_IN_GATEWAY,3646657,3646657
TXN100288,MISSING_IN_GATEWAY,3866573,
TXN100289,MATCHED,3663130,3663130
TXN100290,DUPLICATE_IN_GATEWAY,4386728,4386728
TXN100291,MATCHED,2275615,2275615
TXN100292,MISSING_IN_GATEWAY,4524521,
TXN100293,MATCHED,3909643,3909643
TXN100294,MATCHED,4980037,4980037
TXN100295,MISSING_IN_GATEWAY,2069362,
TXN100296,AMOUNT_MISMATCH,2349819,2349568
TXN100297,MATCHED,3908257,3908257
TXN100298,MATCHED,3189192,3189192
TXN100299,MISSING_IN_GATEWAY,4156543,
TXN100300,MATCHED,4099865,4099865
TXN100301,MATCHED,2177217,2177217
TXN100302,MATCHED,2327508,2327508
TXN100303,AMOUNT_MISMATCH,4343783,4343370
TXN100304,MISSING_IN_GATEWAY,2034641,
TXN100305,MATCHED,4108488,4108488
TXN100306,MATCHED,2025983,2025983
TXN100307,MATCHED,4127307,4127307
TXN100308,MATCHED,154646,154646
TXN100309,MATCHED,1868885,1868885
TXN100310,MATCHED,2050991,2050991
TXN100311,MATCHED,4888441,4888441
TXN100312,MATCHED,4652867,4652867
TXN100313,DUPLICATE_IN_GATEWAY,3579384,3579384
TXN100314,MATCHED,4626993,4626993
TXN100315,MATCHED,3816291,3816291
TXN100316,MATCHED,2118926,2118926
TXN100317,MATCHED,1625514,1625514
TXN100318,AMOUNT_MISMATCH,4505152,4505358
TXN100319,MATCHED,1563149,1563149
TXN100320,MATCHED,4071752,4071752
TXN100321,DUPLICATE_IN_GATEWAY,4955813,4955813
TXN100322,MATCHED,4410973,4410973
TXN100323,MISSING_IN_GATEWAY,853274,
TXN100324,MATCHED,1918267,1918267
TXN100325,MATCHED,2545604,2545604
TXN100326,MATCHED,4490649,4490649
TXN100327,DUPLICATE_IN_GATEWAY,391813,391813
TXN100328,MATCHED,4651911,4651911
TXN100329,MATCHED,1069309,1069309
TXN100330,MATCHED,4127788,4127788
TXN100331,MATCHED,112889,112889
TXN100332,MATCHED,3947586,3947586
TXN100333,MATCHED,2868048,2868048
TXN100334,MATCHED,440979,440979
TXN100335,MATCHED,4017482,4017482
TXN100336,MATCHED,558140,558140
TXN100337,MATCHED,631446,631446
TXN100338,MATCHED,459705,459705
TXN100339,AMOUNT_MISMATCH,4731440,4731027
TXN100340,MATCHED,2091976,2091976
TXN100341,MATCHED,3501120,3501120
TXN100342,MISSING_IN_GATEWAY,1903200,
TXN100343,MATCHED,3200842,3200842
TXN100344,MATCHED,3723812,3723812
TXN100345,DUPLICATE_IN_GATEWAY,4946906,4946906
TXN100346,MATCHED,2571715,2571715
TXN100347,MATCHED,515248,515248
TXN100348,AMOUNT_MISMATCH,842431,842143
TXN100349,MATCHED,1780207,1780207
TXN100350,MATCHED,691049,691049
TXN100351,MATCHED,1468053,1468053
TXN100352,MATCHED,1323090,1323090
TXN100353,MATCHED,3789098,3789098
TXN100354,MATCHED,3951911,3951911
TXN100355,MATCHED,1951763,1951763
TXN100356,MISSING_IN_GATEWAY,2381613,
TXN100357,MATCHED,3818690,3818690
TXN100358,AMOUNT_MISMATCH,1968100,1968406
TXN100359,MATCHED,4957513,4957513
TXN100360,MATCHED,1669427,1669427
TXN100361,MATCHED,4578120,4578120
TXN100362,AMOUNT_MISMATCH,1259813,1260159
TXN100363,MATCHED,1203164,1203164
TXN100364,MISSING_IN_GATEWAY,1401861,
TXN100365,MATCHED,2431041,2431041
TXN100366,MATCHED,3941723,3941723
TXN100367,AMOUNT_MISMATCH,3386486,3386498
TXN100368,MATCHED,4539693,4539693
TXN100369,MATCHED,684795,684795
TXN100370,MISSING_IN_GATEWAY,3634119,
TXN100371,MATCHED,2110238,2110238
TXN100372,DUPLICATE_IN_GATEWAY,1930357,1930357
TXN100373,MATCHED,4835119,4835119
TXN100374,DUPLICATE_IN_GATEWAY,184025,184025
TXN100375,MATCHED,2270822,2270822
TXN100376,MATCHED,1479606,1479606
TXN100377,AMOUNT_MISMATCH,3719689,3719374
TXN100378,MATCHED,4920100,4920100
TXN100379,DUPLICATE_IN_GATEWAY,4134894,4134894
TXN100380,MATCHED,3952732,3952732
TXN100381,MATCHED,2805993,2805993
TXN100382,MISSING_IN_GATEWAY,887447,
TXN100383,MATCHED,3463129,3463129
TXN100384,MATCHED,2427746,2427746
TXN100385,MISSING_IN_GATEWAY,3369236,
TXN100386,MATCHED,317837,317837
TXN100387,MATCHED,2648361,2648361
TXN100388,DUPLICATE_IN_GATEWAY,982420,982420
TXN100389,AMOUNT_MISMATCH,3400466,3400810
TXN100390,MATCHED,19655,19655
TXN100391,MATCHED,4561604,4561604
TXN100392,MATCHED,464696,464696
TXN100393,MATCHED,3044825,3044825
TXN100394,MATCHED,4191663,4191663
TXN100395,MATCHED,442950,442950
TXN100396,MATCHED,4617188,4617188
TXN100397,MATCHED,2426163,2426163
TXN100398,MATCHED,4076057,4076057
TXN100399,MISSING_IN_GATEWAY,2017372,
TXN100400,MATCHED,2616761,2616761
TXN100401,MATCHED,4642620,4642620
TXN100402,DUPLICATE_IN_GATEWAY,1894925,1894925
TXN100403,MATCHED,961780,961780
TXN100404,MATCHED,995377,995377
TXN100405,MATCHED,1301603,1301603
TXN100406,MATCHED,2458312,2458312
TXN100407,MATCHED,2303654,2303654
TXN100408,DUPLICATE_IN_GATEWAY,4057499,4057499
TXN100409,MATCHED,2054563,2054563
TXN100410,MATCHED,1223344,1223344
TXN100411,MISSING_IN_GATEWAY,4273433,
TXN100412,AMOUNT_MISMATCH,1155114,1154896
TXN100413,MATCHED,3490789,3490789
TXN100414,MATCHED,4269212,4269212
TXN100415,MATCHED,31518,31518
TXN100416,MISSING_IN_GATEWAY,2514467,
TXN100417,AMOUNT_MISMATCH,4117400,4117357
TXN100418,MATCHED,4527941,4527941
TXN100419,MATCHED,2798708,2798708
TXN100420,MATCHED,4568621,4568621
TXN100421,AMOUNT_MISMATCH,2709264,2709478
TXN100422,MATCHED,2013246,2013246
TXN100423,MISSING_IN_GATEWAY,1969263,
TXN100424,MATCHED,376140,376140
TXN100425,MISSING_IN_GATEWAY,3977612,
TXN100426,MATCHED,3207998,3207998
TXN100427,MATCHED,1285951,1285951
TXN100428,MATCHED,320543,320543
TXN100429,MATCHED,4960792,4960792
TXN100430,AMOUNT_MISMATCH,851919,851869
TXN100431,MATCHED,846442,846442
TXN100432,MATCHED,3842990,3842990
TXN100433,MATCHED,1219263,1219263
TXN100434,MATCHED,1304875,1304875
TXN100435,MATCHED,2233172,2233172
TXN100436,MATCHED,3344331,3344331
TXN100437,MISSING_IN_GATEWAY,2766207,
TXN100438,AMOUNT_MISMATCH,3197749,3197890
TXN100439,AMOUNT_MISMATCH,4103200,4102736
TXN100440,MATCHED,583954,583954
TXN100441,DUPLICATE_IN_GATEWAY,2420709,2420709
TXN100442,MATCHED,768156,768156
TXN100443,MISSING_IN_GATEWAY,835800,
TXN100444,MATCHED,853115,853115
TXN100445,AMOUNT_MISMATCH,2522103,2521650
TXN100446,MISSING_IN_GATEWAY,2731051,
TXN100447,MATCHED,3017008,3017008
TXN100448,MATCHED,1231127,1231127
TXN100449,MATCHED,3466540,3466540
TXN100450,MATCHED,1520426,1520426
TXN100451,MATCHED,672434,672434
TXN100452,MATCHED,3219014,3219014
TXN100453,MATCHED,2030226,2030226
TXN100454,MATCHED,4901876,4901876
TXN100455,MATCHED,3878405,3878405
TXN100456,MATCHED,3865156,3865156
TXN100457,AMOUNT_MISMATCH,88831,88807
TXN100458,MATCHED,2422829,2422829
TXN100459,MATCHED,1335195,1335195
TXN100460,DUPLICATE_IN_GATEWAY,2908814,2908814
TXN100461,MATCHED,2519487,2519487
TXN100462,MATCHED,3569361,3569361
TXN100463,MISSING_IN_GATEWAY,3842216,
TXN100464,MISSING_IN_GATEWAY,3237040,
TXN100465,MATCHED,1999825,1999825
TXN100466,MATCHED,3021167,3021167
TXN100467,MATCHED,2486575,2486575
TXN100468,MATCHED,3330259,3330259
TXN100469,AMOUNT_MISMATCH,4757356,4757652
TXN100470,AMOUNT_MISMATCH,421412,421675
TXN100471,MISSING_IN_GATEWAY,4176850,
TXN100472,MATCHED,1940372,1940372
TXN100473,MATCHED,2965482,2965482
TXN100474,MATCHED,1604942,1604942
TXN100475,MATCHED,1157387,1157387
TXN100476,MATCHED,340700,340700
TXN100477,MATCHED,3707892,3707892
TXN100478,MISSING_IN_GATEWAY,3070677,
TXN100479,AMOUNT_MISMATCH,766093,765927
TXN100480,MATCHED,3495492,3495492
TXN100481,MISSING_IN_GATEWAY,1118636,
TXN100482,MATCHED,4463112,4463112
TXN100483,MISSING_IN_GATEWAY,2296125,
TXN100484,DUPLICATE_IN_GATEWAY,4052032,4052032
TXN100485,MISSING_IN_GATEWAY,2485825,
TXN100486,MISSING_IN_GATEWAY,2851349,
TXN100487,MATCHED,641656,641656
TXN100488,AMOUNT_MISMATCH,1902593,1902834
TXN100489,DUPLICATE_IN_GATEWAY,3343729,3343729
TXN100490,MATCHED,4685077,4685077
TXN100491,MATCHED,3319931,3319931
TXN100492,MATCHED,4511094,4511094
TXN100493,MATCHED,3101920,3101920
TXN100494,MATCHED,2209169,2209169
TXN100495,MATCHED,3126146,3126146
TXN100496,MATCHED,1971440,1971440
TXN100497,MATCHED,4719426,4719426
TXN100498,MATCHED,1866962,1866962
TXN100499,AMOUNT_MISMATCH,3904558,3904367
TXN100500,MATCHED,3435033,3435033
TXN100501,AMOUNT_MISMATCH,390396,390207
TXN100502,MATCHED,4142434,4142434
TXN100503,AMOUNT_MISMATCH,1979645,1979283
TXN100504,MATCHED,3270197,3270197
TXN100505,MATCHED,4541463,4541463
TXN100506,AMOUNT_MISMATCH,1306232,1306402
TXN100507,MISSING_IN_GATEWAY,840653,
TXN100508,MATCHED,2356630,2356630
TXN100509,MATCHED,3118230,3118230
TXN100510,AMOUNT_MISMATCH,3740379,3740754
TXN100511,MATCHED,3052431,3052431
TXN100512,MATCHED,3091428,3091428
TXN100513,MATCHED,3018774,3018774
TXN100514,MATCHED,2324261,2324261
TXN100515,AMOUNT_MISMATCH,1034749,1035092
TXN100516,MATCHED,3824445,3824445
TXN100517,MATCHED,1789272,1789272
TXN100518,MATCHED,189159,189159
TXN100519,MATCHED,2807677,2807677
TXN100520,MISSING_IN_GATEWAY,1066326,
TXN100521,MISSING_IN_GATEWAY,585543,
TXN100522,MATCHED,1747761,1747761
TXN100523,MATCHED,1964534,1964534
TXN100524,MISSING_IN_GATEWAY,1247774,
TXN100525,MISSING_IN_GATEWAY,2335949,
TXN100526,MATCHED,1100453,1100453
TXN100527,MATCHED,1473787,1473787
TXN100528,MATCHED,226259,226259
TXN100529,MISSING_IN_GATEWAY,3015154,
TXN100530,MATCHED,4949656,4949656
TXN100531,MATCHED,1471683,1471683
TXN100532,MISSING_IN_GATEWAY,1073327,
TXN100533,MATCHED,4423125,4423125
TXN100534,MATCHED,543163,543163
TXN100535,MATCHED,3047003,3047003
TXN100536,MATCHED,924811,924811
TXN100537,AMOUNT_MISMATCH,1868494,1868038
TXN100538,MATCHED,4384249,4384249
TXN100539,MATCHED,271310,271310
TXN100540,MISSING_IN_GATEWAY,4027991,
TXN100541,MATCHED,915649,915649
TXN100542,MATCHED,3730870,3730870
TXN100543,MATCHED,687719,687719
TXN100544,MATCHED,1254314,1254314
TXN100545,MATCHED,2317001,2317001
TXN100546,MATCHED,4920394,4920394
TXN100547,MATCHED,2737853,2737853
TXN100548,MATCHED,4460633,4460633
TXN100549,MATCHED,4250869,4250869
TXN100550,MISSING_IN_GATEWAY,841969,
TXN100551,MISSING_IN_GATEWAY,4634935,
TXN100552,MATCHED,1813744,1813744
TXN100553,MATCHED,1926743,1926743
TXN100554,MATCHED,3814224,3814224
TXN100555,MATCHED,807637,807637
TXN100556,MATCHED,2631637,2631637
TXN100557,AMOUNT_MISMATCH,3149864,3150067
TXN100558,MATCHED,3988447,3988447
TXN100559,MATCHED,726088,726088
TXN100560,MISSING_IN_GATEWAY,820041,
TXN100561,MISSING_IN_GATEWAY,3135988,
TXN100562,MATCHED,513156,513156
TXN100563,MATCHED,4720928,4720928
TXN100564,MATCHED,1035350,1035350
TXN100565,AMOUNT_MISMATCH,3557851,3558089
TXN100566,DUPLICATE_IN_GATEWAY,441560,441560
TXN100567,MATCHED,2631011,2631011
TXN100568,MATCHED,4857931,4857931
TXN100569,MATCHED,1307970,1307970
TXN100570,MISSING_IN_GATEWAY,1891102,
TXN100571,MATCHED,4676293,4676293
TXN100572,MATCHED,2346799,2346799
TXN100573,MISSING_IN_GATEWAY,3609655,
TXN100574,MATCHED,230233,230233
TXN100575,MATCHED,2253514,2253514
TXN100576,MISSING_IN_GATEWAY,2302358,
TXN100577,AMOUNT_MISMATCH,2601951,2601810
TXN100578,MATCHED,61219,61219
TXN100579,MATCHED,1211680,1211680
TXN100580,MATCHED,3372022,3372022
TXN100581,MATCHED,267170,267170
TXN100582,MATCHED,4460011,4460011
TXN100583,MATCHED,3531810,3531810
TXN100584,MATCHED,1330444,1330444
TXN100585,MISSING_IN_GATEWAY,2731120,
TXN100586,MATCHED,4771319,4771319
TXN100587,MATCHED,451314,451314
TXN100588,MATCHED,427438,427438
TXN100589,MATCHED,2292564,2292564
TXN100590,MATCHED,3566893,3566893
TXN100591,MATCHED,3718135,3718135
TXN100592,MISSING_IN_GATEWAY,1818323,
TXN100593,MATCHED,964770,964770
TXN100594,MATCHED,940210,940210
TXN100595,MATCHED,4985570,4985570
TXN100596,MATCHED,2597209,2597209
TXN100597,DUPLICATE_IN_GATEWAY,3325709,3325709
TXN100598,MATCHED,469544,469544
TXN100599,AMOUNT_MISMATCH,2538488,2538773
TXN100600,MISSING_IN_GATEWAY,1161208,
TXN100601,MATCHED,2438058,2438058
TXN100602,MATCHED,74843,74843
TXN100603,MATCHED,3622596,3622596
TXN100604,MATCHED,3199411,3199411
TXN100605,MATCHED,1940308,1940308
TXN100606,MATCHED,2980969,2980969
TXN100607,MATCHED,364857,364857
TXN100608,AMOUNT_MISMATCH,3866698,3867080
TXN100609,MATCHED,2636142,2636142
TXN100610,MATCHED,4820025,4820025
TXN100611,MATCHED,3513870,3513870
TXN100612,MATCHED,3407657,3407657
TXN100613,MATCHED,2734352,2734352
TXN100614,MISSING_IN_GATEWAY,3869572,
TXN100615,MATCHED,749287,749287
TXN100616,MATCHED,898044,898044
TXN100617,MATCHED,4949810,4949810
TXN100618,MATCHED,669739,669739
TXN100619,MISSING_IN_GATEWAY,2612771,
TXN100620,MATCHED,1868681,1868681
TXN100621,MATCHED,1420399,1420399
TXN100622,MATCHED,966524,966524
TXN100623,AMOUNT_MISMATCH,1636582,1636439
TXN100624,MISSING_IN_GATEWAY,2955238,
TXN100625,MATCHED,1248912,1248912
TXN100626,MATCHED,1238463,1238463
TXN100627,MATCHED,1465415,1465415
TXN100628,MATCHED,642109,642109
TXN100629,MATCHED,4154954,4154954
TXN100630,MISSING_IN_GATEWAY,4738955,
TXN100631,MATCHED,3775690,3775690
TXN100632,MATCHED,4745300,4745300
TXN100633,AMOUNT_MISMATCH,2721267,2721409
TXN100634,MATCHED,2661965,2661965
TXN100635,MATCHED,582826,582826
TXN100636,MISSING_IN_GATEWAY,2550241,
TXN100637,MATCHED,481205,481205
TXN100638,MATCHED,632356,632356
TXN100639,MATCHED,3800928,3800928
TXN100640,MISSING_IN_GATEWAY,3103195,
TXN100641,MATCHED,767461,767461
TXN100642,MATCHED,4263593,4263593
TXN100643,MATCHED,4878155,4878155
TXN100644,MATCHED,354123,354123
TXN100645,MATCHED,4805403,4805403
TXN100646,MATCHED,2707161,2707161
TXN100647,MATCHED,4215773,4215773
TXN100648,MATCHED,529034,529034
TXN100649,DUPLICATE_IN_GATEWAY,2890964,2890964
TXN100650,MATCHED,717404,717404
TXN100651,MATCHED,1457529,1457529
TXN100652,DUPLICATE_IN_GATEWAY,3682182,3682182
TXN100653,MATCHED,4406205,4406205
TXN100654,MATCHED,1341659,1341659
TXN100655,MATCHED,2383083,2383083
TXN100656,MATCHED,2848429,2848429
TXN100657,MISSING_IN_GATEWAY,449273,
TXN100658,MATCHED,562908,562908
TXN100659,MATCHED,4690534,4690534
TXN100660,MATCHED,2393597,2393597
TXN100661,MATCHED,1271422,1271422
TXN100662,MATCHED,4898373,4898373
TXN100663,MATCHED,2944509,2944509
TXN100664,MATCHED,3297981,3297981
TXN100665,MATCHED,720674,720674
TXN100666,MATCHED,3169815,3169815
TXN100667,MISSING_IN_GATEWAY,2765461,
TXN100668,MATCHED,793940,793940
TXN100669,MATCHED,3561790,3561790
TXN100670,MATCHED,162928,162928
TXN100671,AMOUNT_MISMATCH,1522154,1522003
TXN100672,MATCHED,4089136,4089136
TXN100673,MATCHED,1163981,1163981
TXN100674,MISSING_IN_GATEWAY,2491283,
TXN100675,MISSING_IN_GATEWAY,4268809,
TXN100676,MATCHED,4426867,4426867
TXN100677,AMOUNT_MISMATCH,2834984,2835116
TXN100678,MATCHED,1109319,1109319
TXN100679,MATCHED,1303965,1303965
TXN100680,MISSING_IN_GATEWAY,1398643,
TXN100681,MATCHED,376518,376518
TXN100682,DUPLICATE_IN_GATEWAY,2002547,2002547
TXN100683,MISSING_IN_GATEWAY,2400148,
TXN100684,MATCHED,3775880,3775880
TXN100685,MATCHED,2016290,2016290
TXN100686,AMOUNT_MISMATCH,3944388,3944086
TXN100687,MATCHED,3095673,3095673
TXN100688,DUPLICATE_IN_GATEWAY,4795024,4795024
TXN100689,MISSING_IN_GATEWAY,3882852,
TXN100690,MATCHED,3213378,3213378
TXN100691,DUPLICATE_IN_GATEWAY,3521981,3521981
TXN100692,MISSING_IN_GATEWAY,1685185,
TXN100693,MATCHED,2107178,2107178
TXN100694,AMOUNT_MISMATCH,4041486,4041553
TXN100695,MISSING_IN_GATEWAY,870585,
TXN100696,MISSING_IN_GATEWAY,4337761,
TXN100697,MISSING_IN_GATEWAY,713595,
TXN100698,MATCHED,2298339,2298339
TXN100699,MATCHED,4316314,4316314
TXN100700,MATCHED,3679785,3679785
TXN100701,MISSING_IN_GATEWAY,1872589,
TXN100702,MATCHED,233725,233725
TXN100703,MATCHED,3335696,3335696
TXN100704,MATCHED,1987849,1987849
TXN100705,MATCHED,694556,694556
TXN100706,MATCHED,246454,246454
TXN100707,MISSING_IN_GATEWAY,841169,
TXN100708,MATCHED,1235150,1235150
TXN100709,AMOUNT_MISMATCH,2416518,2416501
TXN100710,MISSING_IN_GATEWAY,1174277,
TXN100711,MATCHED,3945180,3945180
TXN100712,AMOUNT_MISMATCH,54050,53569
TXN100713,MATCHED,2156845,2156845
TXN100714,MATCHED,1264261,1264261
TXN100715,MATCHED,4437268,4437268
TXN100716,MATCHED,2426771,2426771
TXN100717,MATCHED,1032138,1032138
TXN100718,MATCHED,3531751,3531751
TXN100719,MATCHED,3844546,3844546
TXN100720,MATCHED,4202871,4202871
TXN100721,MATCHED,147869,147869
TXN100722,MATCHED,4833847,4833847
TXN100723,MATCHED,1214409,1214409
TXN100724,MATCHED,23122,23122
TXN100725,MATCHED,2027999,2027999
TXN100726,MATCHED,1581302,1581302
TXN100727,MATCHED,728181,728181
TXN100728,MATCHED,3034963,3034963
TXN100729,MATCHED,4422906,4422906
TXN100730,MATCHED,4268246,4268246
TXN100731,AMOUNT_MISMATCH,3285363,3284907
TXN100732,DUPLICATE_IN_GATEWAY,3255395,3255395
TXN100733,MISSING_IN_GATEWAY,2137772,
TXN100734,MISSING_IN_GATEWAY,3005520,
TXN100735,MISSING_IN_GATEWAY,2032710,
TXN100736,MISSING_IN_GATEWAY,879595,
TXN100737,MATCHED,2799368,2799368
TXN100738,MATCHED,2965298,2965298
TXN100739,MISSING_IN_GATEWAY,1478754,
TXN100740,MATCHED,4024210,4024210
TXN100741,MATCHED,1141225,1141225
TXN100742,MATCHED,3849294,3849294
TXN100743,MATCHED,1701067,1701067
TXN100744,AMOUNT_MISMATCH,1683274,1683097
TXN100745,MATCHED,2611105,2611105
TXN100746,MATCHED,4565271,4565271
TXN100747,MISSING_IN_GATEWAY,317197,
TXN100748,MATCHED,1613091,1613091
TXN100749,AMOUNT_MISMATCH,411009,410848
TXN100750,MATCHED,2301907,2301907
TXN100751,MATCHED,3097168,3097168
TXN100752,MISSING_IN_GATEWAY,3365625,
TXN100753,MATCHED,3253411,3253411
TXN100754,MATCHED,1577136,1577136
TXN100755,MATCHED,4183528,4183528
TXN100756,MATCHED,4366001,4366001
TXN100757,MISSING_IN_GATEWAY,702995,
TXN100758,MATCHED,672087,672087
TXN100759,MATCHED,1523778,1523778
TXN100760,MATCHED,2704516,2704516
TXN100761,MATCHED,2760791,2760791
TXN100762,MATCHED,2581073,2581073
TXN100763,MATCHED,3584520,3584520
TXN100764,MATCHED,3733773,3733773
TXN100765,MISSING_IN_GATEWAY,365300,
TXN100766,MATCHED,2967481,2967481
TXN100767,MATCHED,3658545,3658545
TXN100768,MATCHED,491154,491154
TXN100769,MATCHED,3417538,3417538
TXN100770,AMOUNT_MISMATCH,1352065,1351711
TXN100771,MATCHED,3685660,3685660
TXN100772,MATCHED,573994,573994
TXN100773,MATCHED,3082985,3082985
TXN100774,MATCHED,4768392,4768392
TXN100775,MATCHED,1297132,1297132
TXN100776,MATCHED,3121875,3121875
TXN100777,MATCHED,654961,654961
TXN100778,MATCHED,4451431,4451431
TXN100779,MATCHED,2647256,2647256
TXN100780,DUPLICATE_IN_GATEWAY,2103894,2103894
TXN100781,MISSING_IN_GATEWAY,227376,
TXN100782,MATCHED,4196284,4196284
TXN100783,MATCHED,4721652,4721652
TXN100784,MISSING_IN_GATEWAY,2193468,
TXN100785,DUPLICATE_IN_GATEWAY,1809947,1809947
TXN100786,MATCHED,2405592,2405592
TXN100787,MATCHED,4130485,4130485
TXN100788,MISSING_IN_GATEWAY,1148572,
TXN100789,AMOUNT_MISMATCH,1458346,1458301
TXN100790,MISSING_IN_GATEWAY,746442,
TXN100791,MISSING_IN_GATEWAY,2924414,
TXN100792,MATCHED,4623710,4623710
TXN100793,MISSING_IN_GATEWAY,2526218,
TXN100794,MATCHED,3042416,3042416
TXN100795,DUPLICATE_IN_GATEWAY,1028062,1028062
TXN100796,MATCHED,1174983,1174983
TXN100797,MATCHED,4154156,4154156
TXN100798,MATCHED,4657468,4657468
TXN100799,MISSING_IN_GATEWAY,3930884,
TXN100800,MATCHED,1098599,1098599
TXN100801,MATCHED,733227,733227
TXN100802,DUPLICATE_IN_GATEWAY,3350007,3350007
TXN100803,MATCHED,4025333,4025333
TXN100804,MISSING_IN_GATEWAY,3444577,
TXN100805,DUPLICATE_IN_GATEWAY,1061317,1061317
TXN100806,MATCHED,632141,632141
TXN100807,MATCHED,4349930,4349930
TXN100808,MATCHED,4634668,4634668
TXN100809,MISSING_IN_GATEWAY,1536417,
TXN100810,MATCHED,1092406,1092406
TXN100811,MISSING_IN_GATEWAY,474836,
TXN100812,MATCHED,1293586,1293586
TXN100813,MATCHED,1368677,1368677
TXN100814,MATCHED,1901381,1901381
TXN100815,AMOUNT_MISMATCH,4362830,4363196
TXN100816,MATCHED,671524,671524
TXN100817,MATCHED,4630792,4630792
TXN100818,MATCHED,2550276,2550276
TXN100819,MATCHED,793734,793734
TXN100820,MATCHED,1424620,1424620
TXN100821,MATCHED,4880815,4880815
TXN100822,MISSING_IN_GATEWAY,2842158,
TXN100823,MISSING_IN_GATEWAY,355562,
TXN100824,MATCHED,691346,691346
TXN100825,MATCHED,4848307,4848307
TXN100826,MISSING_IN_GATEWAY,1778388,
TXN100827,MATCHED,3504583,3504583
TXN100828,MATCHED,264056,264056
TXN100829,MATCHED,4586635,4586635
TXN100830,MATCHED,2544149,2544149
TXN100831,MATCHED,3416551,3416551
TXN100832,MATCHED,622142,622142
TXN100833,MATCHED,1336074,1336074
TXN100834,MATCHED,4072192,4072192
TXN100835,MATCHED,2863742,2863742
TXN100836,AMOUNT_MISMATCH,2632132,2631958
TXN100837,DUPLICATE_IN_GATEWAY,2907178,2907178
TXN100838,MISSING_IN_GATEWAY,1106945,
TXN100839,MATCHED,4329966,4329966
TXN100840,MATCHED,2686938,2686938
TXN100841,MATCHED,1037788,1037788
TXN100842,MATCHED,2089694,2089694
TXN100843,MATCHED,434507,434507
TXN100844,AMOUNT_MISMATCH,3232482,3232410
TXN100845,DUPLICATE_IN_GATEWAY,2092642,2092642
TXN100846,MISSING_IN_GATEWAY,1349657,
TXN100847,MATCHED,2633242,2633242
TXN100848,MATCHED,1346661,1346661
TXN100849,MATCHED,4327824,4327824
TXN100850,MATCHED,2598225,2598225
TXN100851,AMOUNT_MISMATCH,765386,765403
TXN100852,DUPLICATE_IN_GATEWAY,3845528,3845528
TXN100853,MATCHED,1814762,1814762
TXN100854,MATCHED,418174,418174
TXN100855,MATCHED,4161473,4161473
TXN100856,MATCHED,3957568,3957568
TXN100857,MISSING_IN_GATEWAY,78597,
TXN100858,AMOUNT_MISMATCH,1133527,1133771
TXN100859,MISSING_IN_GATEWAY,3078365,
TXN100860,MATCHED,3079705,3079705
TXN100861,MATCHED,439141,439141
TXN100862,MATCHED,1642887,1642887
TXN100863,MATCHED,2430966,2430966
TXN100864,MATCHED,4240001,4240001
TXN100865,MATCHED,4622535,4622535
TXN100866,MATCHED,1006659,1006659
TXN100867,MATCHED,821023,821023
TXN100868,MATCHED,2854453,2854453
TXN100869,MISSING_IN_GATEWAY,3076928,
TXN100870,MATCHED,1679818,1679818
TXN100871,MATCHED,3377078,3377078
TXN100872,MATCHED,390032,390032
TXN100873,MISSING_IN_GATEWAY,2803747,
TXN100874,MATCHED,3843497,3843497
TXN100875,MATCHED,4334375,4334375
TXN100876,MATCHED,2682023,2682023
TXN100877,MATCHED,2520159,2520159
TXN100878,MISSING_IN_GATEWAY,4265666,
TXN100879,MISSING_IN_GATEWAY,4119131,
TXN100880,MATCHED,2524825,2524825
TXN100881,MATCHED,149560,149560
TXN100882,DUPLICATE_IN_GATEWAY,929429,929429
TXN100883,MATCHED,4906448,4906448
TXN100884,MATCHED,233532,233532
TXN100885,DUPLICATE_IN_GATEWAY,2237430,2237430
TXN100886,MATCHED,4862594,4862594
TXN100887,MATCHED,440798,440798
TXN100888,MATCHED,1440358,1440358
TXN100889,MATCHED,3199267,3199267
TXN100890,MATCHED,2041692,2041692
TXN100891,MATCHED,931870,931870
TXN100892,MATCHED,3709699,3709699
TXN100893,MATCHED,1280297,1280297
TXN100894,MATCHED,1720367,1720367
TXN100895,AMOUNT_MISMATCH,3966113,3966366
TXN100896,MISSING_IN_GATEWAY,532453,
TXN100897,MATCHED,4361030,4361030
TXN100898,DUPLICATE_IN_GATEWAY,2736713,2736713
TXN100899,MATCHED,4022866,4022866
TXN100900,AMOUNT_MISMATCH,2641947,2641917
TXN100901,MATCHED,4482193,4482193
TXN100902,MATCHED,2981974,2981974
TXN100903,MATCHED,2227630,2227630
TXN100904,AMOUNT_MISMATCH,1622828,1622613
TXN100905,MATCHED,4691570,4691570
TXN100906,MISSING_IN_GATEWAY,2506571,
TXN100907,MATCHED,1748772,1748772
TXN100908,MATCHED,4112055,4112055
TXN100909,MATCHED,2935973,2935973
TXN100910,MATCHED,2303928,2303928
TXN100911,MATCHED,4820672,4820672
TXN100912,AMOUNT_MISMATCH,3195105,3195009
TXN100913,AMOUNT_MISMATCH,2905199,2905522
TXN100914,MATCHED,1238730,1238730
TXN100915,AMOUNT_MISMATCH,2422818,2422398
TXN100916,AMOUNT_MISMATCH,2915507,2915678
TXN100917,MISSING_IN_GATEWAY,2161207,
TXN100918,MATCHED,1805051,1805051
TXN100919,MATCHED,4527919,4527919
TXN100920,MATCHED,4724548,4724548
TXN100921,MATCHED,1161529,1161529
TXN100922,MATCHED,4932691,4932691
TXN100923,MATCHED,435851,435851
TXN100924,MATCHED,4464698,4464698
TXN100925,MATCHED,1963174,1963174
TXN100926,MATCHED,3477023,3477023
TXN100927,MATCHED,3972811,3972811
TXN100928,MATCHED,1163157,1163157
TXN100929,DUPLICATE_IN_GATEWAY,4626691,4626691
TXN100930,MATCHED,1334905,1334905
TXN100931,MATCHED,4000457,4000457
TXN100932,MISSING_IN_GATEWAY,1683157,
TXN100933,MATCHED,2419586,2419586
TXN100934,AMOUNT_MISMATCH,506291,505882
TXN100935,MATCHED,4826179,4826179
TXN100936,AMOUNT_MISMATCH,322880,322559
TXN100937,AMOUNT_MISMATCH,3515473,3515153
TXN100938,DUPLICATE_IN_GATEWAY,314840,314840
TXN100939,MISSING_IN_GATEWAY,3340231,
TXN100940,AMOUNT_MISMATCH,2438224,2437733
TXN100941,MATCHED,2513095,2513095
TXN100942,AMOUNT_MISMATCH,910103,909946
TXN100943,MATCHED,2397076,2397076
TXN100944,MATCHED,4567534,4567534
TXN100945,MISSING_IN_GATEWAY,1135750,
TXN100946,MATCHED,2298723,2298723
TXN100947,MATCHED,954949,954949
TXN100948,MATCHED,3859653,3859653
TXN100949,MATCHED,1571951,1571951
TXN100950,MISSING_IN_GATEWAY,2837901,
TXN100951,MATCHED,1630354,1630354
TXN100952,MISSING_IN_GATEWAY,3411499,
TXN100953,MATCHED,2760848,2760848
TXN100954,MATCHED,810148,810148
TXN100955,MATCHED,1189537,1189537
TXN100956,MATCHED,2090769,2090769
TXN100957,MATCHED,3227655,3227655
TXN100958,AMOUNT_MISMATCH,2249710,2249519
TXN100959,MISSING_IN_GATEWAY,4896034,
TXN100960,MATCHED,105929,105929
TXN100961,MATCHED,3026141,3026141
TXN100962,MATCHED,531136,531136
TXN100963,MATCHED,3914016,3914016
TXN100964,MATCHED,3410881,3410881
TXN100965,MATCHED,2618672,2618672
TXN100966,MATCHED,2484954,2484954
TXN100967,MATCHED,1862617,1862617
TXN100968,MATCHED,1130456,1130456
TXN100969,MISSING_IN_GATEWAY,3826637,
TXN100970,MATCHED,3144192,3144192
TXN100971,AMOUNT_MISMATCH,4617312,4617587
TXN100972,MISSING_IN_GATEWAY,4519025,
TXN100973,MATCHED,2085890,2085890
TXN100974,MATCHED,696777,696777
TXN100975,MISSING_IN_GATEWAY,4440637,
TXN100976,AMOUNT_MISMATCH,665173,664787
TXN100977,MISSING_IN_GATEWAY,528064,
TXN100978,MATCHED,1705813,1705813
TXN100979,MATCHED,1267052,1267052
TXN100980,MATCHED,4374941,4374941
TXN100981,MISSING_IN_GATEWAY,1733032,
TXN100982,MATCHED,4110586,4110586
TXN100983,MATCHED,4291338,4291338
TXN100984,MATCHED,476706,476706
TXN100985,MATCHED,4315434,4315434
TXN100986,MATCHED,4740429,4740429
TXN100987,MATCHED,3888710,3888710
TXN100988,MISSING_IN_GATEWAY,2595113,
TXN100989,MATCHED,3331458,3331458
TXN100990,MISSING_IN_GATEWAY,35295,
TXN100991,MATCHED,4861226,4861226
TXN100992,MATCHED,3564231,3564231
TXN100993,MATCHED,544856,544856
TXN100994,AMOUNT_MISMATCH,515460,515030
TXN100995,MATCHED,3970020,3970020
TXN100996,MATCHED,3439824,3439824
TXN100997,MISSING_IN_GATEWAY,1146059,
TXN100998,MATCHED,3536251,3536251
TXN100999,MATCHED,3218471,3218471
TXN200020,MISSING_IN_LEDGER,,3043614
TXN200024,MISSING_IN_LEDGER,,857261
TXN200034,MISSING_IN_LEDGER,,479241
TXN200035,MISSING_IN_LEDGER,,2656211
TXN200049,MISSING_IN_LEDGER,,3551334
TXN200070,MISSING_IN_LEDGER,,4478663
TXN200085,MISSING_IN_LEDGER,,604394
TXN200090,MISSING_IN_LEDGER,,3424666
TXN200096,MISSING_IN_LEDGER,,926615
TXN200103,MISSING_IN_LEDGER,,792344
TXN200149,MISSING_IN_LEDGER,,379826
TXN200162,MISSING_IN_LEDGER,,3418940
TXN200167,MISSING_IN_LEDGER,,3463700
TXN200170,MISSING_IN_LEDGER,,1875909
TXN200171,MISSING_IN_LEDGER,,3871303
TXN200210,MISSING_IN_LEDGER,,1246094
TXN200230,MISSING_IN_LEDGER,,2336256
TXN200241,MISSING_IN_LEDGER,,3277168
TXN200245,MISSING_IN_LEDGER,,3525005
TXN200247,MISSING_IN_LEDGER,,1860012
TXN200266,MISSING_IN_LEDGER,,347709
TXN200281,MISSING_IN_LEDGER,,1025483
TXN200282,MISSING_IN_LEDGER,,2922556
TXN200286,MISSING_IN_LEDGER,,895324
TXN200295,MISSING_IN_LEDGER,,736981
TXN200299,MISSING_IN_LEDGER,,1535383
TXN200323,MISSING_IN_LEDGER,,2495095
TXN200364,MISSING_IN_LEDGER,,4784854
TXN200382,MISSING_IN_LEDGER,,2776593
TXN200385,MISSING_IN_LEDGER,,4624544
TXN200416,MISSING_IN_LEDGER,,4874749
TXN200423,MISSING_IN_LEDGER,,3455831
TXN200437,MISSING_IN_LEDGER,,4486348
TXN200446,MISSING_IN_LEDGER,,2470947
TXN200463,MISSING_IN_LEDGER,,1681153
TXN200464,MISSING_IN_LEDGER,,904672
TXN200471,MISSING_IN_LEDGER,,2410770
TXN200481,MISSING_IN_LEDGER,,3079035
TXN200483,MISSING_IN_LEDGER,,2165621
TXN200486,MISSING_IN_LEDGER,,3938648
TXN200507,MISSING_IN_LEDGER,,3433524
TXN200520,MISSING_IN_LEDGER,,1731389
TXN200521,MISSING_IN_LEDGER,,4659031
TXN200524,MISSING_IN_LEDGER,,33786
TXN200525,MISSING_IN_LEDGER,,1223730
TXN200529,MISSING_IN_LEDGER,,2005914
TXN200540,MISSING_IN_LEDGER,,3585842
TXN200550,MISSING_IN_LEDGER,,969774
TXN200561,MISSING_IN_LEDGER,,4677176
TXN200570,MISSING_IN_LEDGER,,2946969
TXN200573,MISSING_IN_LEDGER,,4680271
TXN200614,MISSING_IN_LEDGER,,3045440
TXN200636,MISSING_IN_LEDGER,,4971188
TXN200640,MISSING_IN_LEDGER,,653666
TXN200657,MISSING_IN_LEDGER,,2817242
TXN200667,MISSING_IN_LEDGER,,4425707
TXN200674,MISSING_IN_LEDGER,,858430
TXN200692,MISSING_IN_LEDGER,,1170971
TXN200696,MISSING_IN_LEDGER,,2401281
TXN200701,MISSING_IN_LEDGER,,2942532
TXN200707,MISSING_IN_LEDGER,,2822619
TXN200734,MISSING_IN_LEDGER,,2902412
TXN200739,MISSING_IN_LEDGER,,3907539
TXN200788,MISSING_IN_LEDGER,,3802008
TXN200790,MISSING_IN_LEDGER,,2690896
TXN200793,MISSING_IN_LEDGER,,1470381
TXN200799,MISSING_IN_LEDGER,,4637549
TXN200804,MISSING_IN_LEDGER,,628665
TXN200811,MISSING_IN_LEDGER,,4356155
TXN200822,MISSING_IN_LEDGER,,4737970
TXN200823,MISSING_IN_LEDGER,,248014
TXN200846,MISSING_IN_LEDGER,,4855990
TXN200857,MISSING_IN_LEDGER,,3624884
TXN200873,MISSING_IN_LEDGER,,4366478
TXN200878,MISSING_IN_LEDGER,,4475590
TXN200939,MISSING_IN_LEDGER,,1572895
TXN200945,MISSING_IN_LEDGER,,3936042
TXN200950,MISSING_IN_LEDGER,,4772894
TXN200952,MISSING_IN_LEDGER,,4332487
TXN200972,MISSING_IN_LEDGER,,1842169
TXN200977,MISSING_IN_LEDGER,,4250332
