reference_id,amount_kobo,transaction_date,customer_name
TXN100000,943912,2026-09-12 22:26:14.714031,Comfort Uche
TXN100001,2317113,2026-09-16 16:57:23.549955,Grace Abiola
TXN100003,4584866,2026-09-06 16:23:18.834097,Michael Ibrahim
TXN100004,3549336,2026-09-04 02:42:50.417937,Joy Oshodi
TXN100005,795972,2026-08-31 19:44:55.325067,Daniel Adetokunbo
TXN100006,4249227,2026-09-22 10:20:42.278644,Ruth Oyekan
TXN100007,4718064,2026-09-11 09:34:54.226324,Mark Akinwale
TXN100008,4581300,2026-09-20 10:26:04.799183,Benjamin Abiola
TXN100009,3778238,2026-09-24 19:20:55.042009,Charity Ibrahim
TXN100011,1349319,2026-09-23 04:02:00.931026,Comfort Chukwu
TXN100012,2864228,2026-09-10 05:39:21.024177,Samuel Oyekan
TXN100013,1816026,2026-09-21 19:18:37.588858,Comfort Abiola
TXN100014,867401,2026-09-20 19:56:02.118871,Nathaniel Eze
TXN100015,821315,2026-08-28 07:23:27.880275,Victoria Balogun
TXN100016,2895309,2026-09-14 03:38:44.491631,Grace Oyekan
TXN100018,4508207,2026-09-12 07:29:27.337238,Juliet Ojo
TXN100019,3185376,2026-09-25 04:23:54.685445,Elizabeth Obasanjo
TXN200020,3043614,2026-08-29 03:39:26.418072,Peter Abiola
TXN100021,4853180,2026-09-06 02:12:55.307353,Samuel Adeyemi
TXN100022,593470,2026-08-31 16:45:25.119249,Angela Abiola
TXN200024,857261,2026-09-25 04:38:35.705108,Ruth Ekwueme
TXN100025,3198729,2026-09-05 09:13:59.971570,Gabriel Oshodi
TXN100026,3070434,2026-09-12 06:34:59.610339,Benjamin Chukwu
TXN100027,2990226,2026-09-25 11:32:25.963895,Stephen Balogun
TXN100029,608967,2026-09-09 15:35:25.864224,Faith Ekwueme
TXN100030,1445615,2026-09-19 23:18:13.821606,Daniel Eze
TXN100031,2063622,2026-09-21 16:01:18.334476,Philip Uche
TXN100032,3193102,2026-09-21 06:10:53.516973,Gabriel Adetokunbo
TXN100033,4682033,2026-09-15 22:21:54.586637,Daniel Chukwu
TXN200034,479241,2026-09-01 00:18:50.060646,Charity Obasanjo
TXN200035,2656211,2026-09-11 13:35:35.423956,Andrew Abiola
TXN100036,3375214,2026-08-27 21:10:26.160938,Peter Oyekan
TXN100037,1779932,2026-08-30 00:30:09.967216,Victoria Adetokunbo
TXN100038,2649709,2026-09-06 04:38:30.054221,Juliet Olawale
TXN100039,4197855,2026-09-18 14:04:34.570479,Philip Chukwu
TXN100040,3859128,2026-09-11 09:37:27.649397,Elizabeth Ekwueme
TXN100041,1181304,2026-09-12 14:51:29.337140,Philip Olawale
TXN100042,4719097,2026-09-21 05:06:49.402881,Philip Okafor
TXN100043,4913862,2026-09-09 19:14:57.565702,Emmanuel Ibrahim
TXN100044,4905028,2026-09-21 12:43:20.493679,Cornelius Ibrahim
TXN100045,1849795,2026-09-15 02:11:15.564696,Emmanuel Nnamani
TXN100045,1849795,2026-09-15 02:11:15.564696,Emmanuel Nnamani
TXN100046,1170410,2026-08-28 12:10:30.338850,Joseph Okonkwo
TXN100048,929803,2026-09-04 19:34:21.089707,Benjamin Obasanjo
TXN200049,3551334,2026-09-15 21:03:27.061708,Andrew Adetokunbo
TXN100050,542909,2026-09-23 18:30:21.608571,Cornelius Eze
TXN100051,3936287,2026-09-22 00:09:10.884347,Michael Nnamani
TXN100052,4650306,2026-09-14 14:33:25.007225,David Uche
TXN100053,970929,2026-08-31 01:03:06.853064,Angela Ibrahim
TXN100055,2863598,2026-08-27 10:27:10.699813,Emmanuel Ogunleye
TXN100056,3657075,2026-09-10 00:38:21.848207,Paul Okonkwo
TXN100057,37619,2026-08-28 21:42:39.577465,Elizabeth Ekwueme
TXN100058,2219467,2026-09-11 18:01:19.299180,Peter Adeyemi
TXN100058,2219467,2026-09-11 18:01:19.299180,Peter Adeyemi
TXN100059,1508640,2026-09-03 08:53:45.547471,Sarah Oshodi
TXN100060,902443,2026-09-11 12:41:17.123623,Gloria Eze
TXN100061,4268584,2026-09-08 03:42:15.632812,Deborah Balogun
TXN100062,1292108,2026-09-19 22:12:49.337749,Andrew Oyekan
TXN100063,1365171,2026-08-27 00:22:34.414715,Charity Adetokunbo
TXN100064,4459042,2026-09-09 03:31:59.026814,Juliet Uche
TXN100065,2729218,2026-09-05 07:55:14.620557,Samuel Obasanjo
TXN100066,948813,2026-09-02 13:57:31.287874,Stephen Ojo
TXN100067,2589615,2026-08-28 07:13:04.034978,Simon Uche
TXN100068,2031046,2026-08-27 23:20:40.790945,Benjamin Okafor
TXN100069,670662,2026-09-22 08:50:52.875019,Benjamin Ogunleye
TXN200070,4478663,2026-09-24 16:05:37.450790,Gloria Chukwu
TXN100071,1064955,2026-09-02 12:43:09.778281,Hope Chukwu
TXN100072,3996626,2026-09-14 18:37:26.350065,Ruth Abiola
TXN100073,2233456,2026-09-13 08:30:15.426523,Emmanuel Obasanjo
TXN100074,3559538,2026-09-08 20:09:16.050984,Benjamin Uche
TXN100074,3559538,2026-09-08 20:09:16.050984,Benjamin Uche
TXN100077,3356989,2026-09-17 08:23:36.458021,Cornelius Balogun
TXN100077,3356989,2026-09-17 08:23:36.458021,Cornelius Balogun
TXN100078,3142478,2026-09-08 01:10:55.456447,Stephen Abiola
TXN100079,4351740,2026-09-03 03:16:44.555882,James Akinwale
TXN100080,2089583,2026-09-20 22:26:01.619923,Faith Obasanjo
TXN100081,2846067,2026-09-17 05:11:51.977110,Angela Akinwale
TXN100082,4656630,2026-09-12 13:00:04.766975,David Okafor
TXN100083,1857317,2026-09-09 14:57:03.735937,Victoria Eze
TXN100084,503868,2026-08-31 23:55:03.892498,Peter Oshodi
TXN200085,604394,2026-09-18 09:09:55.625884,Philip Oshodi
TXN100086,4323054,2026-09-05 19:34:21.653483,Joseph Adeyemi
TXN100087,4081951,2026-09-05 04:47:00.243229,Blessing Obasanjo
TXN100089,4800256,2026-09-17 10:58:52.424246,Joseph Obi
TXN200090,3424666,2026-09-23 21:37:29.239420,Charity Ogunleye
TXN100091,1607274,2026-09-25 04:44:47.919220,Ruth Obi
TXN100092,3625919,2026-09-17 18:21:20.301769,Faith Abiola
TXN100093,3458575,2026-08-28 18:46:32.009784,Mary Eze
TXN100094,464420,2026-09-20 06:32:28.284540,Philip Okonkwo
TXN100095,835588,2026-09-25 09:39:50.019050,Emmanuel Akinwale
TXN200096,926615,2026-09-13 05:51:43.819762,Victoria Ogunleye
TXN100097,2095880,2026-08-30 17:53:57.757096,Daniel Balogun
TXN100098,4508690,2026-09-09 02:18:15.717247,Ruth Obi
TXN100099,3548999,2026-09-16 23:18:51.435459,Sarah Abiola
TXN100100,3890805,2026-08-30 16:07:57.668847,Juliet Chukwu
TXN100101,642374,2026-09-15 01:04:00.530957,Samuel Chukwu
TXN100102,4626463,2026-09-18 03:44:29.710079,Esther Adeyemi
TXN200103,792344,2026-09-12 03:02:02.058006,Comfort Nnamani
TXN100104,1992894,2026-09-18 16:00:00.953053,Charity Uche
TXN100105,4083853,2026-09-09 19:42:19.277139,Charity Adeyemi
TXN100106,3373837,2026-09-10 09:01:06.634178,John Balogun
TXN100107,3189056,2026-09-25 10:51:35.905446,Mary Okafor
TXN100108,3285095,2026-09-01 03:36:52.010762,Simon Okafor
TXN100109,3826886,2026-08-26 14:13:43.957231,Mark Olawale
TXN100110,4672122,2026-09-01 07:13:30.679999,Benjamin Oyekan
TXN100111,4092495,2026-08-31 15:21:18.156785,Joseph Adetokunbo
TXN100112,2498965,2026-09-19 05:04:40.939403,Agnes Ojo
TXN100113,500593,2026-09-15 12:54:31.415819,Nathaniel Ekwueme
TXN100114,4558263,2026-09-02 23:41:34.527705,Ruth Chukwu
TXN100115,2640707,2026-09-15 18:48:18.228827,Emmanuel Okonkwo
TXN100116,4910436,2026-09-20 17:02:34.650020,Agnes Akinwale
TXN100117,4465408,2026-09-09 23:29:55.024516,Stephen Uche
TXN100118,4269974,2026-09-18 07:16:10.245381,Joy Akinwale
TXN100119,1568812,2026-09-25 12:54:58.159619,Mary Chukwu
TXN100120,580097,2026-09-12 21:37:46.258196,Daniel Akinwale
TXN100121,1983033,2026-09-21 10:21:57.765898,James Adetokunbo
TXN100122,4788783,2026-08-27 23:21:41.294981,Samuel Okafor
TXN100123,4997188,2026-09-22 20:36:52.420871,Emmanuel Okafor
TXN100124,697726,2026-09-07 21:26:59.404950,Mary Ogunleye
TXN100125,4906198,2026-09-02 09:38:49.354681,Patience Eze
TXN100126,2663611,2026-09-07 10:48:32.689487,Joseph Oshodi
TXN100127,2645565,2026-08-28 20:21:33.014113,Philip Eze
TXN100128,3330092,2026-09-08 10:29:30.128957,Nathaniel Eze
TXN100129,2526557,2026-09-21 10:29:25.798636,Agnes Ogunleye
TXN100130,618535,2026-09-06 14:01:10.104619,Sarah Okonkwo
TXN100131,4732732,2026-09-01 07:06:20.888126,Mark Chukwu
TXN100131,4732732,2026-09-01 07:06:20.888126,Mark Chukwu
TXN100132,624555,2026-09-25 12:10:49.013275,Peter Abiola
TXN100133,4253668,2026-08-27 07:59:33.816853,Joy Ibrahim
TXN100134,2938098,2026-09-22 11:04:41.138496,Peace Abiola
TXN100135,2059206,2026-09-25 12:56:20.261171,Hope Chukwu
TXN100136,1333276,2026-09-18 15:08:27.999784,Angela Chukwu
TXN100138,4447076,2026-09-12 13:05:17.886248,Victoria Olawale
TXN100139,4662341,2026-09-12 22:08:13.522612,Juliet Eze
TXN100140,878583,2026-09-06 01:45:11.218163,Mary Obi
TXN100141,2228500,2026-09-20 00:46:22.043054,Peter Chukwu
TXN100143,1313991,2026-09-15 21:22:39.247909,Elizabeth Ogunleye
TXN100145,1717898,2026-09-12 10:19:39.092212,Andrew Adeyemi
TXN100146,2224457,2026-09-24 23:20:50.313691,David Ekwueme
TXN100147,2116923,2026-09-09 15:01:38.279653,Paul Olawale
TXN100148,436132,2026-09-23 15:13:07.095830,Paul Oshodi
TXN200149,379826,2026-08-26 18:26:30.891669,John Chukwu
TXN100150,39743,2026-08-27 14:38:50.022401,Blessing Obi
TXN100151,1107394,2026-09-16 06:12:27.817418,Grace Nnamani
TXN100152,2207440,2026-09-09 00:11:30.716525,Benjamin Olawale
TXN100153,3716384,2026-08-27 11:46:10.996682,Comfort Chukwu
TXN100154,3597697,2026-09-16 03:49:15.967588,Mary Adetokunbo
TXN100155,948466,2026-09-22 04:38:26.207537,James Obasanjo
TXN100156,1260357,2026-09-05 13:48:47.945965,Elizabeth Oyekan
TXN100157,3107208,2026-08-31 05:17:09.848426,Patience Okonkwo
TXN100158,1252300,2026-09-06 14:08:38.712800,Stephen Oshodi
TXN100159,360885,2026-08-28 07:41:36.973883,Comfort Obasanjo
TXN100160,344377,2026-09-23 12:33:04.379354,Ruth Adeyemi
TXN100161,2103207,2026-09-12 06:33:15.087650,Benjamin Okafor
TXN200162,3418940,2026-08-28 21:01:51.950976,Angela Uche
TXN100163,1306229,2026-09-16 16:38:15.625543,Elizabeth Akinwale
TXN100164,1373163,2026-09-06 16:49:18.196601,Sarah Olawale
TXN100164,1373163,2026-09-06 16:49:18.196601,Sarah Olawale
TXN100165,1494747,2026-09-09 01:40:44.460755,Joshua Olawale
TXN200167,3463700,2026-09-02 09:52:16.860378,Juliet Eze
TXN100168,2091777,2026-09-03 23:45:11.371895,Michael Obi
TXN100169,916771,2026-09-09 08:02:38.353614,Charity Okafor
TXN200170,1875909,2026-08-29 09:11:40.424339,Agnes Chukwu
TXN200171,3871303,2026-09-18 20:26:28.264959,John Adetokunbo
TXN100172,2943147,2026-09-16 06:25:53.428800,Paul Eze
TXN100173,1919209,2026-09-22 14:03:05.166868,James Ogunleye
TXN100174,1630090,2026-08-28 17:48:26.227171,Grace Obasanjo
TXN100175,2347581,2026-09-10 11:32:07.118977,James Balogun
TXN100176,2351470,2026-09-18 17:01:03.261440,Faith Ibrahim
TXN100177,4283204,2026-09-17 05:49:05.850702,Emmanuel Obi
TXN100178,4508103,2026-09-10 23:07:04.188470,Elizabeth Adetokunbo
TXN100179,241530,2026-09-15 10:53:17.207375,Mary Adetokunbo
TXN100180,2201231,2026-09-20 11:09:04.682432,Agnes Obi
TXN100181,2236893,2026-08-30 18:58:19.989292,Samuel Ekwueme
TXN100182,3655385,2026-09-03 14:55:36.887157,Peter Ekwueme
TXN100183,2641316,2026-09-23 04:44:49.139990,Hope Ibrahim
TXN100184,4300127,2026-08-29 13:28:15.390220,Gloria Okafor
TXN100185,4846771,2026-09-17 06:18:11.363590,Comfort Balogun
TXN100187,24187,2026-09-12 21:54:43.981209,Joy Adetokunbo
TXN100188,4526862,2026-08-26 17:46:42.311247,Andrew Ekwueme
TXN100189,1662850,2026-09-16 18:13:05.542242,Gabriel Olawale
TXN100190,597424,2026-09-02 14:04:59.424092,Peter Adetokunbo
TXN100191,2779918,2026-09-20 10:25:59.524110,Simon Ekwueme
TXN100193,2529285,2026-09-12 22:08:44.009003,Joy Oyekan
TXN100194,3435848,2026-09-09 08:48:27.668333,James Adeyemi
TXN100195,2490135,2026-09-03 11:52:56.286931,Grace Oshodi
TXN100196,1619271,2026-09-15 11:35:43.143137,Joshua Ibrahim
TXN100197,3190501,2026-09-22 09:58:39.523107,Daniel Ojo
TXN100198,1469847,2026-09-10 17:13:39.103446,Elizabeth Obasanjo
TXN100199,2534550,2026-09-24 18:07:11.064185,Benjamin Obi
TXN100200,13405,2026-09-14 02:35:25.133289,Gloria Adetokunbo
TXN100201,1773140,2026-09-12 23:30:36.146766,Mary Chukwu
TXN100202,4875264,2026-09-10 02:03:42.477626,Simon Oyekan
TXN100203,2713222,2026-09-14 06:29:06.443717,Juliet Chukwu
TXN100204,3719105,2026-09-24 01:09:25.164822,Peter Olawale
TXN100205,4298038,2026-09-09 04:28:10.156535,Charity Okafor
TXN100206,1433474,2026-09-05 00:10:58.747173,Mark Adetokunbo
TXN100207,2390572,2026-08-31 11:39:41.177706,Peter Adeyemi
TXN100208,2821762,2026-09-23 12:24:20.100030,Philip Okafor
TXN100209,1980220,2026-09-21 12:53:54.227485,Hope Adeyemi
TXN200210,1246094,2026-08-26 21:11:15.861845,Joy Obasanjo
TXN100211,214895,2026-08-31 22:32:36.385625,Charity Adeyemi
TXN100212,3995732,2026-09-17 22:33:06.507064,Blessing Adeyemi
TXN100213,620927,2026-09-17 09:09:19.154797,Emmanuel Okafor
TXN100214,4839077,2026-09-14 03:09:31.478801,Agnes Abiola
TXN100215,3231044,2026-09-18 05:18:04.672181,Andrew Oshodi
TXN100216,2056689,2026-09-12 22:49:12.165849,Blessing Oshodi
TXN100217,56894,2026-08-28 17:10:51.434717,Cornelius Ekwueme
TXN100219,1845772,2026-09-11 19:58:14.531834,Juliet Ibrahim
TXN100220,4354944,2026-09-08 02:31:46.909975,Emmanuel Okafor
TXN100221,4685858,2026-09-11 14:35:41.525153,Mark Akinwale
TXN100222,1028029,2026-09-22 03:08:05.242195,Blessing Obi
TXN100223,3907709,2026-09-16 18:41:06.203154,Hope Okafor
TXN100224,4698605,2026-09-07 20:39:56.998561,Gabriel Uche
TXN100225,3722574,2026-09-09 04:26:19.157155,James Oshodi
TXN100226,4244386,2026-09-14 16:00:52.539894,Patience Uche
TXN100227,4605883,2026-09-07 23:56:16.656701,Elizabeth Olawale
TXN100229,3991857,2026-09-08 13:07:49.241961,Philip Obi
TXN200230,2336256,2026-08-31 04:06:40.021530,Mary Obasanjo
TXN100231,4382979,2026-09-08 07:07:47.537709,Esther Oyekan
TXN100232,2016939,2026-09-15 16:57:21.091162,Andrew Abiola
TXN100234,1977074,2026-09-05 16:52:57.826754,David Oyekan
TXN100235,2691500,2026-09-14 16:59:00.583928,Ruth Okonkwo
TXN100236,1170765,2026-08-27 03:35:20.820160,Hope Balogun
TXN100237,3223132,2026-09-07 08:28:10.824057,Paul Uche
TXN100238,1804766,2026-09-10 01:56:28.878019,Faith Adetokunbo
TXN100239,3429191,2026-09-19 16:43:36.902128,Joseph Abiola
TXN100240,3918456,2026-09-24 08:10:06.196936,Daniel Nnamani
TXN200241,3277168,2026-09-11 13:42:57.528153,Peter Oshodi
TXN100242,4909133,2026-09-14 23:19:35.947864,Hope Ekwueme
TXN100243,4839240,2026-09-08 01:32:54.354188,Hope Nnamani
TXN100244,59264,2026-08-30 11:11:41.840863,Cornelius Okonkwo
TXN200245,3525005,2026-09-25 00:05:51.065995,Nathaniel Ekwueme
TXN200247,1860012,2026-09-08 07:08:31.875434,David Ogunleye
TXN100248,4105565,2026-09-20 23:30:55.660144,Samuel Ekwueme
TXN100249,3666057,2026-09-04 21:12:00.000847,Daniel Nnamani
TXN100250,3271970,2026-09-08 10:09:08.058079,Peace Abiola
TXN100252,3930889,2026-09-06 08:45:15.073681,Angela Chukwu
TXN100253,4490553,2026-09-10 11:28:56.127490,Patience Ogunleye
TXN100254,3315281,2026-09-21 11:01:15.644720,Nathaniel Nnamani
TXN100255,237348,2026-09-15 08:45:01.013843,Gloria Ibrahim
TXN100256,3605464,2026-09-13 06:05:42.462276,Samuel Ekwueme
TXN100257,3883007,2026-08-31 07:47:42.276217,Esther Olawale
TXN100258,2192349,2026-09-20 22:34:54.561278,Grace Obi
TXN100259,1785535,2026-09-14 02:27:00.197796,Samuel Nnamani
TXN100261,3190341,2026-09-14 04:39:02.076281,Hope Akinwale
TXN100262,3546342,2026-09-13 10:14:40.052444,Paul Oshodi
TXN100263,697079,2026-09-18 18:05:58.405430,Joshua Abiola
TXN100264,4534974,2026-09-21 11:33:53.130850,Victoria Uche
TXN100265,2945680,2026-09-21 18:36:07.810417,David Uche
TXN200266,347709,2026-09-18 09:23:46.240294,Blessing Akinwale
TXN100267,270002,2026-09-21 12:26:19.952633,Charity Adetokunbo
TXN100268,180959,2026-09-25 01:14:17.456685,Hope Oshodi
TXN100269,2011060,2026-09-08 17:40:07.981417,Benjamin Ogunleye
TXN100270,969568,2026-09-20 23:41:21.478107,Michael Nnamani
TXN100271,1838419,2026-08-29 11:27:34.094126,Esther Oyekan
TXN100273,1417517,2026-09-11 11:39:51.586388,Peace Balogun
TXN100275,1383767,2026-08-28 09:41:05.026702,Faith Ojo
TXN100275,1383767,2026-08-28 09:41:05.026702,Faith Ojo
TXN100276,916798,2026-09-10 17:35:56.783767,Mary Okafor
TXN100277,2626887,2026-09-23 12:34:58.650497,Peter Obi
TXN100278,3158302,2026-09-22 05:37:55.156771,Grace Ibrahim
TXN100279,1673710,2026-09-01 04:36:34.971192,Paul Oshodi
TXN100280,2047168,2026-09-05 11:11:35.715888,Nathaniel Obi
TXN200281,1025483,2026-09-12 22:00:23.858335,Mark Eze
TXN200282,2922556,2026-09-08 21:37:43.650132,Paul Adetokunbo
TXN100283,4478991,2026-09-16 00:57:57.354286,Gloria Eze
TXN100284,3118573,2026-09-18 21:51:29.096808,Patience Nnamani
TXN100285,2872454,2026-09-19 16:14:39.479665,Blessing Adetokunbo
TXN200286,895324,2026-09-08 11:10:01.894882,Joy Adetokunbo
TXN100287,3646657,2026-09-03 09:55:53.840519,Gloria Obi
TXN100287,3646657,2026-09-03 09:55:53.840519,Gloria Obi
TXN100289,3663130,2026-09-22 16:28:06.856269,Cornelius Olawale
TXN100290,4386728,2026-09-25 02:35:57.059247,Philip Oshodi
TXN100290,4386728,2026-09-25 02:35:57.059247,Philip Oshodi
TXN100291,2275615,2026-09-22 08:16:50.712511,Peace Nnamani
TXN100293,3909643,2026-09-07 13:57:08.504028,James Obasanjo
TXN100294,4980037,2026-09-13 21:27:57.750876,Elizabeth Oshodi
TXN200295,736981,2026-09-06 06:01:07.378000,Emmanuel Okafor
TXN100296,2349568,2026-09-12 12:29:01.009175,David Olawale
TXN100297,3908257,2026-09-14 15:18:55.501042,Juliet Ibrahim
TXN100298,3189192,2026-08-29 16:46:50.278920,Stephen Obasanjo
TXN200299,1535383,2026-08-30 18:53:52.489778,Andrew Akinwale
TXN100300,4099865,2026-09-23 23:42:47.666810,Sarah Ogunleye
TXN100301,2177217,2026-08-28 22:39:23.875105,Simon Obasanjo
TXN100302,2327508,2026-09-22 18:05:45.294861,James Adetokunbo
TXN100303,4343370,2026-09-04 18:52:21.886163,Michael Ekwueme
TXN100305,4108488,2026-09-19 05:06:12.387293,Juliet Ojo
TXN100306,2025983,2026-09-25 07:18:47.082688,Blessing Okafor
TXN100307,4127307,2026-08-27 15:04:06.782218,Sarah Oyekan
TXN100308,154646,2026-09-13 14:15:34.289998,Comfort Oyekan
TXN100309,1868885,2026-09-11 03:27:39.442230,Joshua Okafor
TXN100310,2050991,2026-09-06 04:53:41.014705,Joshua Oyekan
TXN100311,4888441,2026-08-26 16:09:43.071365,Mark Nnamani
TXN100312,4652867,2026-09-04 08:47:56.430546,Emmanuel Abiola
TXN100313,3579384,2026-08-28 05:40:35.086480,Ruth Balogun
TXN100313,3579384,2026-08-28 05:40:35.086480,Ruth Balogun
TXN100314,4626993,2026-09-09 04:37:57.354338,Gloria Ogunleye
TXN100315,3816291,2026-09-09 02:06:24.799023,Peace Okonkwo
TXN100316,2118926,2026-08-30 05:49:43.021985,Juliet Ogunleye
TXN100317,1625514,2026-09-13 10:41:38.643909,David Chukwu
TXN100318,4505358,2026-09-03 13:26:37.551383,Faith Ogunleye
TXN100319,1563149,2026-09-11 08:06:05.572640,Victoria Okonkwo
TXN100320,4071752,2026-09-02 19:03:11.141815,Philip Oyekan
TXN100321,4955813,2026-09-22 16:35:49.540674,Benjamin Ogunleye
TXN100321,4955813,2026-09-22 16:35:49.540674,Benjamin Ogunleye
TXN100322,4410973,2026-09-02 09:37:32.675393,Philip Akinwale
TXN200323,2495095,2026-08-26 17:13:36.859113,Gabriel Obasanjo
TXN100324,1918267,2026-08-26 17:19:59.957724,Peter Balogun
TXN100325,2545604,2026-08-29 18:46:58.004301,Simon Akinwale
TXN100326,4490649,2026-09-04 06:56:36.373873,Hope Chukwu
TXN100327,391813,2026-09-11 21:52:12.490447,James Eze
TXN100327,391813,2026-09-11 21:52:12.490447,James Eze
TXN100328,4651911,2026-09-22 23:44:15.361302,Grace Okonkwo
TXN100329,1069309,2026-09-18 08:27:20.899178,Faith Olawale
TXN100330,4127788,2026-09-14 13:13:45.080257,Andrew Olawale
TXN100331,112889,2026-09-18 14:07:32.346997,Joshua Ekwueme
TXN100332,3947586,2026-08-28 17:57:43.474080,Joshua Uche
TXN100333,2868048,2026-09-20 19:35:06.307521,Blessing Nnamani
TXN100334,440979,2026-09-02 15:55:34.846396,Charity Ekwueme
TXN100335,4017482,2026-09-21 21:17:08.801180,Charity Adeyemi
TXN100336,558140,2026-09-21 22:57:54.409570,Mary Oyekan
TXN100337,631446,2026-09-11 16:12:23.809404,Samuel Nnamani
TXN100338,459705,2026-08-27 16:23:03.880593,Ruth Ogunleye
TXN100339,4731027,2026-09-22 14:25:14.948882,Esther Adetokunbo
TXN100340,2091976,2026-09-25 00:42:08.002164,Deborah Nnamani
TXN100341,3501120,2026-09-16 08:21:47.327425,Benjamin Ojo
TXN100343,3200842,2026-09-20 05:09:30.326352,Michael Uche
TXN100344,3723812,2026-09-01 12:34:27.869677,Grace Chukwu
TXN100345,4946906,2026-09-10 04:59:33.110706,Grace Chukwu
TXN100345,4946906,2026-09-10 04:59:33.110706,Grace Chukwu
TXN100346,2571715,2026-09-23 12:12:32.919097,Peace Oyekan
TXN100347,515248,2026-08-27 05:08:06.554420,Nathaniel Eze
TXN100348,842143,2026-09-10 10:10:38.935243,Emmanuel Adeyemi
TXN100349,1780207,2026-09-14 18:21:23.381399,Victoria Oshodi
TXN100350,691049,2026-09-18 02:02:02.005871,Joseph Akinwale
TXN100351,1468053,2026-09-15 09:35:39.642066,Ruth Uche
TXN100352,1323090,2026-09-13 03:42:20.602493,Deborah Oyekan
TXN100353,3789098,2026-09-13 23:43:56.354730,Daniel Chukwu
TXN100354,3951911,2026-08-29 07:38:28.029045,Joshua Ekwueme
TXN100355,1951763,2026-08-26 18:59:50.455323,Samuel Ogunleye
TXN100357,3818690,2026-08-28 10:11:50.926738,Peter Adetokunbo
TXN100358,1968406,2026-09-20 13:53:53.410298,Simon Obi
TXN100359,4957513,2026-09-17 01:53:08.044248,Patience Chukwu
TXN100360,1669427,2026-09-07 06:43:24.505268,Blessing Oshodi
TXN100361,4578120,2026-09-05 01:55:35.462945,Angela Ekwueme
TXN100362,1260159,2026-09-19 14:55:48.718390,Hope Chukwu
TXN100363,1203164,2026-09-02 21:16:47.478647,Blessing Okafor
TXN200364,4784854,2026-09-24 05:03:18.872879,Blessing Oyekan
TXN100365,2431041,2026-09-09 19:11:47.135646,Elizabeth Abiola
TXN100366,3941723,2026-09-20 05:13:35.778150,Charity Balogun
TXN100367,3386498,2026-09-06 09:19:53.553831,Agnes Akinwale
TXN100368,4539693,2026-09-18 07:28:52.035977,Mary Balogun
TXN100369,684795,2026-09-15 06:51:50.788724,Peace Abiola
TXN100371,2110238,2026-09-25 03:44:45.836500,Victoria Balogun
TXN100372,1930357,2026-09-21 07:13:42.919333,Esther Abiola
TXN100372,1930357,2026-09-21 07:13:42.919333,Esther Abiola
TXN100373,4835119,2026-09-23 14:28:22.962979,Stephen Okonkwo
TXN100374,184025,2026-09-15 06:48:23.962113,Philip Abiola
TXN100374,184025,2026-09-15 06:48:23.962113,Philip Abiola
TXN100375,2270822,2026-09-02 04:09:02.569390,Andrew Chukwu
TXN100376,1479606,2026-09-07 04:08:00.989987,Angela Ibrahim
TXN100377,3719374,2026-09-11 22:31:10.383832,Nathaniel Obi
TXN100378,4920100,2026-09-15 06:07:59.211420,Nathaniel Ogunleye
TXN100379,4134894,2026-09-16 00:22:00.020179,Emmanuel Oyekan
TXN100379,4134894,2026-09-16 00:22:00.020179,Emmanuel Oyekan
TXN100380,3952732,2026-09-22 15:02:44.728489,Comfort Ekwueme
TXN100381,2805993,2026-09-25 03:49:54.598258,Simon Oyekan
TXN200382,2776593,2026-09-02 11:32:46.692797,Faith Akinwale
TXN100383,3463129,2026-09-20 21:16:50.550396,Patience Ekwueme
TXN100384,2427746,2026-09-16 20:03:28.373234,Elizabeth Obasanjo
TXN200385,4624544,2026-08-30 19:10:55.944889,Deborah Adetokunbo
TXN100386,317837,2026-09-23 19:21:30.613313,Joshua Ibrahim
TXN100387,2648361,2026-08-27 12:29:21.890381,Patience Obi
TXN100388,982420,2026-08-27 19:31:55.412055,Philip Okonkwo
TXN100388,982420,2026-08-27 19:31:55.412055,Philip Okonkwo
TXN100389,3400810,2026-09-06 12:53:46.243777,Faith Ogunleye
TXN100390,19655,2026-09-17 02:55:45.465460,Philip Balogun
TXN100391,4561604,2026-08-28 09:30:47.721457,Patience Olawale
TXN100392,464696,2026-08-28 11:21:42.622938,Joshua Balogun
TXN100393,3044825,2026-09-20 12:36:34.928537,Angela Abiola
TXN100394,4191663,2026-08-29 17:10:35.298338,Cornelius Chukwu
TXN100395,442950,2026-09-17 08:59:47.474880,Emmanuel Ogunleye
TXN100396,4617188,2026-09-18 03:55:36.753700,Blessing Adetokunbo
TXN100397,2426163,2026-08-27 03:40:00.579694,Sarah Balogun
TXN100398,4076057,2026-08-29 10:41:02.990136,Mary Oyekan
TXN100400,2616761,2026-08-27 23:36:40.816459,Deborah Uche
TXN100401,4642620,2026-09-22 00:37:09.005161,Hope Abiola
TXN100402,1894925,2026-09-04 04:34:00.184739,Esther Obasanjo
TXN100402,1894925,2026-09-04 04:34:00.184739,Esther Obasanjo
TXN100403,961780,2026-09-15 13:10:14.044855,Mark Uche
TXN100404,995377,2026-09-08 13:02:06.310120,Patience Uche
TXN100405,1301603,2026-09-01 22:31:14.851751,Ruth Abiola
TXN100406,2458312,2026-08-29 18:31:11.145028,Gabriel Ekwueme
TXN100407,2303654,2026-09-07 10:05:30.498771,Deborah Obasanjo
TXN100408,4057499,2026-09-23 08:19:25.285797,Paul Nnamani
TXN100408,4057499,2026-09-23 08:19:25.285797,Paul Nnamani
TXN100409,2054563,2026-08-31 03:47:25.062017,Peace Eze
TXN100410,1223344,2026-09-14 20:02:34.185282,David Ekwueme
TXN100412,1154896,2026-09-24 05:14:37.452034,Simon Abiola
TXN100413,3490789,2026-08-29 22:14:16.871877,Charity Chukwu
TXN100414,4269212,2026-09-06 18:22:44.084781,Cornelius Obi
TXN100415,31518,2026-09-18 14:33:50.368939,Ruth Abiola
TXN200416,4874749,2026-08-27 09:50:21.938547,Samuel Adeyemi
TXN100417,4117357,2026-09-02 02:22:13.140172,Paul Ojo
TXN100418,4527941,2026-09-22 00:43:45.463281,Victoria Oshodi
TXN100419,2798708,2026-09-15 11:49:22.153272,Joshua Ekwueme
TXN100420,4568621,2026-09-24 13:02:19.685269,Andrew Ibrahim
TXN100421,2709478,2026-09-11 10:41:28.202846,Comfort Obasanjo
TXN100422,2013246,2026-09-16 07:52:17.606104,Mark Adetokunbo
TXN200423,3455831,2026-08-26 15:12:27.211723,Blessing Abiola
TXN100424,376140,2026-08-31 02:38:37.627212,Joseph Oyekan
TXN100426,3207998,2026-09-24 21:43:27.871716,Agnes Oyekan
TXN100427,1285951,2026-09-05 10:39:41.020287,Angela Chukwu
TXN100428,320543,2026-08-30 05:30:09.697277,John Obasanjo
TXN100429,4960792,2026-09-05 01:06:19.096635,Blessing Ekwueme
TXN100430,851869,2026-09-09 12:04:20.478060,Angela Eze
TXN100431,846442,2026-09-10 11:16:20.181878,Elizabeth Ogunleye
TXN100432,3842990,2026-09-18 05:22:13.582222,James Obasanjo
TXN100433,1219263,2026-09-18 08:12:22.530990,Victoria Balogun
TXN100434,1304875,2026-09-07 13:11:02.512980,Angela Olawale
TXN100435,2233172,2026-09-02 18:41:44.025074,David Obasanjo
TXN100436,3344331,2026-08-28 13:55:03.260885,Andrew Obi
TXN200437,4486348,2026-09-01 03:04:46.261169,Grace Obasanjo
TXN100438,3197890,2026-09-25 04:55:44.918501,Deborah Abiola
TXN100439,4102736,2026-09-18 01:17:53.062779,Deborah Adeyemi
TXN100440,583954,2026-09-10 20:33:27.099440,Juliet Oshodi
TXN100441,2420709,2026-09-04 18:10:50.346839,Gloria Uche
TXN100441,2420709,2026-09-04 18:10:50.346839,Gloria Uche
TXN100442,768156,2026-09-20 14:36:16.230473,Elizabeth Adetokunbo
TXN100444,853115,2026-09-11 07:48:23.168703,Peace Okafor
TXN100445,2521650,2026-09-21 20:31:02.344733,Joseph Obasanjo
TXN200446,2470947,2026-09-21 17:38:38.905936,Victoria Nnamani
TXN100447,3017008,2026-09-18 21:26:17.493758,Simon Adeyemi
TXN100448,1231127,2026-09-24 16:54:17.282740,James Chukwu
TXN100449,3466540,2026-09-03 13:32:21.666716,Gabriel Obasanjo
TXN100450,1520426,2026-08-30 03:23:31.253058,Benjamin Oshodi
TXN100451,672434,2026-09-15 11:46:05.054484,Joy Ogunleye
TXN100452,3219014,2026-09-08 21:35:50.867068,Deborah Nnamani
TXN100453,2030226,2026-09-19 11:30:32.328578,John Ibrahim
TXN100454,4901876,2026-09-15 08:16:47.488993,Charity Okonkwo
TXN100455,3878405,2026-09-12 13:52:30.917325,Joseph Adetokunbo
TXN100456,3865156,2026-09-23 05:08:10.684217,John Olawale
TXN100457,88807,2026-09-04 14:19:10.050486,Juliet Ibrahim
TXN100458,2422829,2026-09-14 03:54:08.448363,Ruth Ogunleye
TXN100459,1335195,2026-09-13 02:34:45.912751,Comfort Ekwueme
TXN100460,2908814,2026-08-30 17:51:31.753830,John Abiola
TXN100460,2908814,2026-08-30 17:51:31.753830,John Abiola
TXN100461,2519487,2026-09-19 18:52:06.798895,Agnes Uche
TXN100462,3569361,2026-09-15 00:55:11.167157,Comfort Abiola
TXN200463,1681153,2026-09-08 07:12:33.115749,Grace Obasanjo
TXN200464,904672,2026-09-17 18:04:02.167966,Juliet Chukwu
TXN100465,1999825,2026-09-02 06:34:55.103310,Joshua Ekwueme
TXN100466,3021167,2026-09-13 02:28:39.390611,Joseph Okafor
TXN100467,2486575,2026-09-18 07:46:36.326952,Blessing Adeyemi
TXN100468,3330259,2026-09-19 02:35:05.037574,David Oyekan
TXN100469,4757652,2026-09-18 19:48:32.460650,Gloria Balogun
TXN100470,421675,2026-09-03 01:29:27.864025,Gabriel Oshodi
TXN200471,2410770,2026-09-22 01:50:53.601612,Daniel Okafor
TXN100472,1940372,2026-09-12 05:15:02.631567,Grace Nnamani
TXN100473,2965482,2026-09-18 21:53:59.932270,Stephen Adetokunbo
TXN100474,1604942,2026-09-08 08:47:28.532947,Joy Balogun
TXN100475,1157387,2026-09-07 08:44:18.336754,Peace Balogun
TXN100476,340700,2026-09-22 04:55:03.020389,Hope Oshodi
TXN100477,3707892,2026-09-23 06:48:46.313363,Philip Oshodi
TXN100479,765927,2026-08-30 21:54:17.350233,Gabriel Obasanjo
TXN100480,3495492,2026-09-17 12:09:49.009266,Nathaniel Obi
TXN200481,3079035,2026-09-14 07:03:05.790055,Gabriel Okonkwo
TXN100482,4463112,2026-08-30 17:53:33.571342,Mark Olawale
TXN200483,2165621,2026-09-15 15:38:23.099356,Comfort Abiola
TXN100484,4052032,2026-08-31 09:21:01.354462,James Balogun
TXN100484,4052032,2026-08-31 09:21:01.354462,James Balogun
TXN200486,3938648,2026-09-23 11:02:56.180832,Michael Obasanjo
TXN100487,641656,2026-09-23 03:21:49.990745,John Abiola
TXN100488,1902834,2026-09-24 13:05:20.592028,Patience Obi
TXN100489,3343729,2026-09-20 11:45:51.329042,Faith Balogun
TXN100489,3343729,2026-09-20 11:45:51.329042,Faith Balogun
TXN100490,4685077,2026-09-11 16:15:19.015511,Comfort Uche
TXN100491,3319931,2026-09-01 03:27:27.093309,Patience Oyekan
TXN100492,4511094,2026-09-13 17:08:05.130467,Joy Oyekan
TXN100493,3101920,2026-09-15 17:53:39.602712,David Obasanjo
TXN100494,2209169,2026-09-20 10:25:24.231609,Faith Abiola
TXN100495,3126146,2026-09-23 08:14:02.450514,Michael Adeyemi
TXN100496,1971440,2026-09-25 04:41:30.566915,Agnes Adetokunbo
TXN100497,4719426,2026-09-19 14:25:35.819253,Charity Oshodi
TXN100498,1866962,2026-08-27 01:52:16.073592,Paul Eze
TXN100499,3904367,2026-09-20 21:39:58.633464,David Uche
TXN100500,3435033,2026-09-09 19:34:55.381414,John Okafor
TXN100501,390207,2026-09-23 19:11:39.284698,Gabriel Obi
TXN100502,4142434,2026-09-20 19:04:29.435024,Ruth Adeyemi
TXN100503,1979283,2026-09-09 11:26:22.242751,James Akinwale
TXN100504,3270197,2026-09-18 07:19:11.360367,David Ibrahim
TXN100505,4541463,2026-09-10 13:25:58.208409,Joshua Obasanjo
TXN100506,1306402,2026-09-20 17:48:42.194999,Simon Eze
TXN200507,3433524,2026-08-28 12:25:24.852602,Victoria Oyekan
TXN100508,2356630,2026-09-25 08:01:47.932957,Patience Ogunleye
TXN100509,3118230,2026-09-24 00:16:05.491111,Samuel Chukwu
TXN100510,3740754,2026-09-20 07:47:56.655509,Ruth Ibrahim
TXN100511,3052431,2026-08-28 14:30:36.685209,Faith Nnamani
TXN100512,3091428,2026-09-16 12:26:57.542558,Cornelius Oyekan
TXN100513,3018774,2026-09-24 12:46:25.638330,Elizabeth Chukwu
TXN100514,2324261,2026-09-24 14:22:03.214054,Angela Olawale
TXN100515,1035092,2026-09-03 13:35:08.433269,Emmanuel Abiola
TXN100516,3824445,2026-09-14 06:51:01.793077,Ruth Akinwale
TXN100517,1789272,2026-09-12 10:04:38.316024,Ruth Eze
TXN100518,189159,2026-09-04 17:55:58.099396,Blessing Chukwu
TXN100519,2807677,2026-09-13 10:51:31.798390,Michael Ibrahim
TXN200520,1731389,2026-09-24 00:04:50.478704,Simon Ojo
TXN200521,4659031,2026-09-19 07:39:01.466358,Joshua Abiola
TXN100522,1747761,2026-09-19 23:00:35.930972,Gabriel Oshodi
TXN100523,1964534,2026-09-22 09:28:54.737966,Andrew Obasanjo
TXN200524,33786,2026-09-24 00:15:39.792127,Sarah Ekwueme
TXN200525,1223730,2026-09-24 06:04:52.219926,Andrew Chukwu
TXN100526,1100453,2026-09-22 00:16:25.895947,John Okonkwo
TXN100527,1473787,2026-09-02 13:19:52.278386,Blessing Adetokunbo
TXN100528,226259,2026-08-29 15:23:22.045623,Cornelius Oshodi
TXN200529,2005914,2026-09-09 04:50:28.016086,Stephen Oshodi
TXN100530,4949656,2026-09-08 10:33:22.411901,Esther Balogun
TXN100531,1471683,2026-09-10 20:45:53.356996,Sarah Ogunleye
TXN100533,4423125,2026-08-31 01:53:33.590899,Juliet Ibrahim
TXN100534,543163,2026-09-11 03:53:43.054504,Emmanuel Balogun
TXN100535,3047003,2026-09-16 02:18:14.680067,Daniel Oyekan
TXN100536,924811,2026-09-23 11:19:26.803113,David Oshodi
TXN100537,1868038,2026-09-25 04:01:56.486926,Blessing Obi
TXN100538,4384249,2026-09-18 03:51:49.557941,Mary Obasanjo
TXN100539,271310,2026-09-08 06:43:18.091399,Andrew Akinwale
TXN200540,3585842,2026-09-04 23:49:13.032064,Agnes Okafor
TXN100541,915649,2026-09-06 17:59:58.049156,James Nnamani
TXN100542,3730870,2026-09-02 11:40:20.767414,Andrew Ojo
TXN100543,687719,2026-08-26 21:20:40.882403,Victoria Obi
TXN100544,1254314,2026-09-17 05:43:23.300481,David Okafor
TXN100545,2317001,2026-09-08 00:35:03.916685,Cornelius Adeyemi
TXN100546,4920394,2026-08-28 16:53:53.166991,Faith Ogunleye
TXN100547,2737853,2026-09-10 05:40:02.127074,Benjamin Oshodi
TXN100548,4460633,2026-09-19 07:37:06.604609,James Oshodi
TXN100549,4250869,2026-09-18 08:07:00.790005,Charity Nnamani
TXN200550,969774,2026-09-02 07:31:10.647454,Simon Ekwueme
TXN100552,1813744,2026-09-21 00:34:48.011357,Philip Abiola
TXN100553,1926743,2026-09-14 14:17:57.538841,Joshua Chukwu
TXN100554,3814224,2026-08-30 00:08:23.535301,Gloria Chukwu
TXN100555,807637,2026-09-23 07:55:18.837015,Hope Nnamani
TXN100556,2631637,2026-08-26 23:24:06.924899,Mark Adeyemi
TXN100557,3150067,2026-09-19 06:41:11.934885,Daniel Adeyemi
TXN100558,3988447,2026-09-10 22:50:09.000411,Joshua Chukwu
TXN100559,726088,2026-09-25 07:28:46.280557,Deborah Adetokunbo
TXN200561,4677176,2026-08-29 02:48:47.946379,Gloria Ojo
TXN100562,513156,2026-09-24 11:37:09.521291,Ruth Ojo
TXN100563,4720928,2026-09-07 04:07:29.450792,Michael Ekwueme
TXN100564,1035350,2026-09-13 14:09:40.798004,Charity Akinwale
TXN100565,3558089,2026-09-24 09:36:54.058505,Cornelius Okonkwo
TXN100566,441560,2026-08-27 04:31:53.418305,Juliet Akinwale
TXN100566,441560,2026-08-27 04:31:53.418305,Juliet Akinwale
TXN100567,2631011,2026-08-29 11:32:15.489901,Charity Uche
TXN100568,4857931,2026-09-13 07:42:10.603337,Daniel Nnamani
TXN100569,1307970,2026-08-29 06:03:01.850549,Joshua Okonkwo
TXN200570,2946969,2026-08-28 00:04:48.300769,Faith Ekwueme
TXN100571,4676293,2026-09-11 20:12:42.503686,Charity Eze
TXN100572,2346799,2026-09-11 21:27:22.376165,Cornelius Oyekan
TXN200573,4680271,2026-09-14 03:49:24.367600,Joseph Akinwale
TXN100574,230233,2026-08-31 19:18:46.581844,Simon Chukwu
TXN100575,2253514,2026-09-13 12:11:56.911871,James Ogunleye
TXN100577,2601810,2026-08-31 12:36:37.764969,Esther Olawale
TXN100578,61219,2026-09-22 17:06:24.869246,Blessing Ojo
TXN100579,1211680,2026-09-17 17:56:13.459463,Gloria Ibrahim
TXN100580,3372022,2026-09-01 16:30:05.526379,Mary Akinwale
TXN100581,267170,2026-09-18 10:51:11.488252,Deborah Oshodi
TXN100582,4460011,2026-09-04 13:20:35.990383,Michael Adeyemi
TXN100583,3531810,2026-09-22 14:05:01.769431,Peter Okafor
TXN100584,1330444,2026-08-28 15:10:10.002726,Paul Oyekan
TXN100586,4771319,2026-09-09 12:22:45.871976,Nathaniel Ogunleye
TXN100587,451314,2026-08-31 13:49:37.533018,Emmanuel Okafor
TXN100588,427438,2026-09-07 05:22:18.047493,Hope Oshodi
TXN100589,2292564,2026-09-23 00:57:40.381587,Joseph Akinwale
TXN100590,3566893,2026-09-08 03:19:53.583737,David Obasanjo
TXN100591,3718135,2026-09-10 00:09:59.246515,Patience Uche
TXN100593,964770,2026-08-29 15:30:44.211643,Sarah Abiola
TXN100594,940210,2026-08-30 07:27:03.673549,Simon Adeyemi
TXN100595,4985570,2026-09-23 12:23:52.700303,John Oshodi
TXN100596,2597209,2026-09-13 14:55:36.572268,David Obasanjo
TXN100597,3325709,2026-09-15 10:13:17.253103,Paul Balogun
TXN100597,3325709,2026-09-15 10:13:17.253103,Paul Balogun
TXN100598,469544,2026-09-12 14:45:26.241224,Ruth Oyekan
TXN100599,2538773,2026-09-07 00:33:15.231468,Elizabeth Nnamani
TXN100601,2438058,2026-08-30 20:08:59.731364,Nathaniel Ogunleye
TXN100602,74843,2026-08-26 23:20:14.547400,Mark Uche
TXN100603,3622596,2026-09-19 14:00:14.498769,Victoria Adetokunbo
TXN100604,3199411,2026-09-16 14:22:55.746895,Sarah Ojo
TXN100605,1940308,2026-09-21 00:37:38.524640,Mark Ibrahim
TXN100606,2980969,2026-09-09 05:13:57.911532,Grace Ogunleye
TXN100607,364857,2026-08-30 01:59:16.358789,Angela Abiola
TXN100608,3867080,2026-08-27 10:27:49.665966,Joseph Adeyemi
TXN100609,2636142,2026-09-11 06:56:05.562500,Stephen Adetokunbo
TXN100610,4820025,2026-09-18 06:30:19.980036,Deborah Eze
TXN100611,3513870,2026-09-14 23:11:08.989287,Peace Ojo
TXN100612,3407657,2026-08-26 19:34:52.284271,Esther Ekwueme
TXN100613,2734352,2026-09-11 14:38:02.672360,Gloria Okonkwo
TXN200614,3045440,2026-09-15 03:34:32.220066,Blessing Ojo
TXN100615,749287,2026-09-24 00:38:25.100395,Victoria Oyekan
TXN100616,898044,2026-09-13 02:54:00.265125,Grace Okafor
TXN100617,4949810,2026-08-31 00:04:33.709361,Comfort Eze
TXN100618,669739,2026-09-12 02:05:00.251183,Peter Obi
TXN100620,1868681,2026-09-20 06:32:14.074735,Philip Obi
TXN100621,1420399,2026-09-18 10:22:56.152499,Paul Okafor
TXN100622,966524,2026-09-08 04:36:30.292764,Samuel Eze
TXN100623,1636439,2026-09-22 17:45:08.012775,Nathaniel Ogunleye
TXN100625,1248912,2026-08-28 05:26:30.778410,Michael Adeyemi
TXN100626,1238463,2026-09-15 22:30:25.136761,Nathaniel Eze
TXN100627,1465415,2026-08-29 04:51:36.349222,Patience Eze
TXN100628,642109,2026-09-25 00:08:26.085454,Gloria Olawale
TXN100629,4154954,2026-09-21 11:36:24.037961,Michael Oyekan
TXN100631,3775690,2026-09-08 12:12:09.218420,Juliet Abiola
TXN100632,4745300,2026-08-29 18:32:00.008026,Daniel Chukwu
TXN100633,2721409,2026-09-11 08:17:48.552722,Benjamin Okonkwo
TXN100634,2661965,2026-08-31 00:59:44.664351,Juliet Akinwale
TXN100635,582826,2026-09-21 22:33:56.906442,Sarah Okafor
TXN200636,4971188,2026-09-04 13:23:18.722892,Mary Adeyemi
TXN100637,481205,2026-09-20 00:45:57.835752,Samuel Obi
TXN100638,632356,2026-08-27 19:21:48.070151,Daniel Chukwu
TXN100639,3800928,2026-09-13 10:42:56.013190,Sarah Abiola
TXN200640,653666,2026-08-28 00:39:37.105347,Stephen Nnamani
TXN100641,767461,2026-09-12 14:27:32.425982,Joy Adeyemi
TXN100642,4263593,2026-08-27 10:52:11.367376,Joshua Ogunleye
TXN100643,4878155,2026-09-24 18:15:06.345888,Charity Okonkwo
TXN100644,354123,2026-08-26 16:55:54.479220,Mary Eze
TXN100645,4805403,2026-09-08 14:56:40.481031,Emmanuel Adetokunbo
TXN100646,2707161,2026-09-14 17:21:00.608701,Esther Okonkwo
TXN100647,4215773,2026-08-30 15:21:27.344271,Nathaniel Adeyemi
TXN100648,529034,2026-09-17 10:46:48.817263,James Obasanjo
TXN100649,2890964,2026-09-12 04:53:54.689301,Faith Ojo
TXN100649,2890964,2026-09-12 04:53:54.689301,Faith Ojo
TXN100650,717404,2026-09-11 20:16:29.353555,Daniel Balogun
TXN100651,1457529,2026-08-27 02:15:23.919662,Peace Ojo
TXN100652,3682182,2026-09-23 21:20:26.751009,Stephen Ojo
TXN100652,3682182,2026-09-23 21:20:26.751009,Stephen Ojo
TXN100653,4406205,2026-08-26 18:16:52.373514,Joshua Uche
TXN100654,1341659,2026-09-18 01:51:41.434313,Hope Oshodi
TXN100655,2383083,2026-09-14 23:13:17.002848,Ruth Balogun
TXN100656,2848429,2026-08-27 05:24:58.943244,Stephen Olawale
TXN200657,2817242,2026-09-07 03:08:43.544199,Gloria Adeyemi
TXN100658,562908,2026-09-09 09:38:57.240850,Deborah Balogun
TXN100659,4690534,2026-09-19 14:26:35.712480,Ruth Eze
TXN100660,2393597,2026-09-05 18:35:06.747015,Ruth Ibrahim
TXN100661,1271422,2026-09-07 08:39:14.372972,Joseph Balogun
TXN100662,4898373,2026-09-09 12:50:25.124543,Joshua Balogun
TXN100663,2944509,2026-08-26 16:48:11.501873,Patience Adetokunbo
TXN100664,3297981,2026-09-11 06:41:56.626828,Comfort Ekwueme
TXN100665,720674,2026-08-31 17:37:37.252686,Grace Ibrahim
TXN100666,3169815,2026-09-22 15:07:51.938331,Mark Adetokunbo
TXN200667,4425707,2026-09-08 15:43:11.255243,Elizabeth Akinwale
TXN100668,793940,2026-08-28 13:30:52.553211,Deborah Ojo
TXN100669,3561790,2026-09-02 23:59:47.697105,David Oyekan
TXN100670,162928,2026-09-22 06:49:41.794107,Grace Okonkwo
TXN100671,1522003,2026-09-11 16:13:25.588437,James Okafor
TXN100672,4089136,2026-09-24 20:16:43.466299,Ruth Eze
TXN100673,1163981,2026-09-19 22:31:45.366271,Gloria Chukwu
TXN200674,858430,2026-08-28 06:53:24.735262,Grace Ibrahim
TXN100676,4426867,2026-09-08 09:55:46.732435,Joseph Balogun
TXN100677,2835116,2026-09-13 10:12:01.790110,Benjamin Abiola
TXN100678,1109319,2026-09-19 03:38:26.758632,Simon Uche
TXN100679,1303965,2026-09-22 18:13:22.112202,Paul Obi
TXN100681,376518,2026-09-02 01:30:07.581111,Blessing Okafor
TXN100682,2002547,2026-08-30 22:32:46.654225,Angela Ojo
TXN100682,2002547,2026-08-30 22:32:46.654225,Angela Ojo
TXN100684,3775880,2026-09-21 05:45:09.964201,Philip Uche
TXN100685,2016290,2026-09-19 08:43:23.566572,Stephen Balogun
TXN100686,3944086,2026-08-28 11:52:47.079816,Peace Uche
TXN100687,3095673,2026-09-05 08:36:15.682421,Comfort Akinwale
TXN100688,4795024,2026-09-19 22:55:43.533168,Stephen Akinwale
TXN100688,4795024,2026-09-19 22:55:43.533168,Stephen Akinwale
TXN100690,3213378,2026-09-23 11:59:25.453264,Joseph Ojo
TXN100691,3521981,2026-09-20 07:37:46.921247,Blessing Okafor
TXN100691,3521981,2026-09-20 07:37:46.921247,Blessing Okafor
TXN200692,1170971,2026-09-13 20:43:57.961883,Ruth Adetokunbo
TXN100693,2107178,2026-09-21 02:54:45.683226,Andrew Adeyemi
TXN100694,4041553,2026-09-09 19:58:50.102777,Philip Balogun
TXN200696,2401281,2026-08-31 07:06:48.728571,John Ogunleye
TXN100698,2298339,2026-09-06 13:08:41.632232,Blessing Okonkwo
TXN100699,4316314,2026-09-09 23:42:56.475184,Agnes Eze
TXN100700,3679785,2026-09-10 13:05:48.675732,David Chukwu
TXN200701,2942532,2026-09-08 10:28:57.345096,Philip Obi
TXN100702,233725,2026-08-29 14:09:59.450040,Joy Oyekan
TXN100703,3335696,2026-09-09 21:58:38.094413,Deborah Okonkwo
TXN100704,1987849,2026-09-17 16:10:11.291473,Charity Oshodi
TXN100705,694556,2026-08-27 14:32:50.611105,Angela Adeyemi
TXN100706,246454,2026-09-13 06:33:16.912699,Samuel Okonkwo
TXN200707,2822619,2026-09-05 08:50:31.138534,Agnes Balogun
TXN100708,1235150,2026-09-19 21:50:37.447627,Grace Oyekan
TXN100709,2416501,2026-09-03 18:31:57.572491,Comfort Ogunleye
TXN100711,3945180,2026-09-20 04:45:20.447509,Blessing Ibrahim
TXN100712,53569,2026-08-29 23:43:23.345630,Patience Olawale
TXN100713,2156845,2026-08-28 01:45:13.632396,Michael Uche
TXN100714,1264261,2026-08-29 12:49:32.228650,Faith Okonkwo
TXN100715,4437268,2026-09-12 23:38:59.878119,Cornelius Oshodi
TXN100716,2426771,2026-09-15 02:03:09.643096,Joy Balogun
TXN100717,1032138,2026-09-21 14:32:15.998056,Blessing Obasanjo
TXN100718,3531751,2026-09-06 18:53:38.029959,John Okonkwo
TXN100719,3844546,2026-09-01 03:26:44.872290,Blessing Okafor
TXN100720,4202871,2026-09-16 02:48:08.449033,Paul Adeyemi
TXN100721,147869,2026-09-22 18:46:59.701206,Joshua Oyekan
TXN100722,4833847,2026-09-08 07:22:03.339059,Joy Eze
TXN100723,1214409,2026-09-21 10:55:30.264825,Andrew Obi
TXN100724,23122,2026-09-13 11:26:23.701601,Peter Oshodi
TXN100725,2027999,2026-09-04 05:28:31.948798,Charity Eze
TXN100726,1581302,2026-09-12 13:12:03.533902,Agnes Oyekan
TXN100727,728181,2026-09-15 17:03:12.674999,Charity Ekwueme
TXN100728,3034963,2026-09-25 08:56:13.170727,Paul Obi
TXN100729,4422906,2026-08-30 08:37:57.294937,Faith Ibrahim
TXN100730,4268246,2026-09-14 05:48:39.755582,Joshua Okonkwo
TXN100731,3284907,2026-08-27 14:52:02.363079,Sarah Okonkwo
TXN100732,3255395,2026-08-31 19:50:07.061102,David Olawale
TXN100732,3255395,2026-08-31 19:50:07.061102,David Olawale
TXN200734,2902412,2026-09-12 22:37:49.860050,Faith Obasanjo
TXN100737,2799368,2026-09-21 07:38:31.007810,Comfort Eze
TXN100738,2965298,2026-09-02 05:11:48.614602,Juliet Abiola
TXN200739,3907539,2026-09-11 19:44:30.812919,Agnes Adeyemi
TXN100740,4024210,2026-08-29 08:29:25.574405,Peter Uche
TXN100741,1141225,2026-09-20 10:30:24.808839,Elizabeth Oyekan
TXN100742,3849294,2026-08-28 23:02:22.663205,Peter Nnamani
TXN100743,1701067,2026-09-01 00:18:51.447668,Stephen Ibrahim
TXN100744,1683097,2026-09-12 10:30:34.698798,Agnes Eze
TXN100745,2611105,2026-09-21 17:29:30.283296,Joshua Abiola
TXN100746,4565271,2026-09-13 02:36:04.491247,Esther Olawale
TXN100748,1613091,2026-08-30 18:15:01.142188,Juliet Chukwu
TXN100749,410848,2026-09-23 11:30:25.235885,Charity Obi
TXN100750,2301907,2026-09-09 01:40:51.082513,Gloria Balogun
TXN100751,3097168,2026-09-09 01:21:04.397829,Angela Okafor
TXN100753,3253411,2026-08-28 23:33:10.632554,Philip Okafor
TXN100754,1577136,2026-09-10 23:53:57.110605,Samuel Oyekan
TXN100755,4183528,2026-08-31 13:48:26.968480,Deborah Oyekan
TXN100756,4366001,2026-09-05 21:00:22.280758,Esther Ekwueme
TXN100758,672087,2026-09-05 10:28:10.008317,Nathaniel Oshodi
TXN100759,1523778,2026-09-06 10:47:35.208883,Hope Olawale
TXN100760,2704516,2026-09-05 20:29:18.444736,Deborah Abiola
TXN100761,2760791,2026-09-05 22:12:12.394211,Agnes Ibrahim
TXN100762,2581073,2026-09-02 15:06:20.356625,Nathaniel Akinwale
TXN100763,3584520,2026-08-27 15:59:40.834745,Andrew Chukwu
TXN100764,3733773,2026-09-10 11:36:14.621578,Deborah Balogun
TXN100766,2967481,2026-09-03 09:55:01.434086,Andrew Olawale
TXN100767,3658545,2026-09-13 03:09:06.509652,Samuel Nnamani
TXN100768,491154,2026-09-08 09:06:44.528426,Samuel Ekwueme
TXN100769,3417538,2026-09-01 21:29:01.464611,Grace Ojo
TXN100770,1351711,2026-09-19 19:04:23.743001,Simon Ekwueme
TXN100771,3685660,2026-08-30 03:00:00.797448,Andrew Balogun
TXN100772,573994,2026-09-01 19:57:43.943824,Esther Uche
TXN100773,3082985,2026-09-15 09:16:51.695446,Joy Nnamani
TXN100774,4768392,2026-09-15 10:47:01.739087,Ruth Adeyemi
TXN100775,1297132,2026-09-14 15:08:15.497034,Stephen Ogunleye
TXN100776,3121875,2026-09-21 20:28:28.848519,Cornelius Chukwu
TXN100777,654961,2026-09-11 06:24:23.263976,Simon Abiola
TXN100778,4451431,2026-09-20 08:40:49.328291,Emmanuel Akinwale
TXN100779,2647256,2026-09-18 19:09:36.000185,Joshua Ojo
TXN100780,2103894,2026-08-31 03:31:20.599434,Hope Ekwueme
TXN100780,2103894,2026-08-31 03:31:20.599434,Hope Ekwueme
TXN100782,4196284,2026-09-17 13:15:08.714174,Joshua Oyekan
TXN100783,4721652,2026-09-21 05:25:59.504928,Emmanuel Nnamani
TXN100785,1809947,2026-08-31 02:14:31.087360,Benjamin Balogun
TXN100785,1809947,2026-08-31 02:14:31.087360,Benjamin Balogun
TXN100786,2405592,2026-09-18 21:00:26.099158,Grace Ibrahim
TXN100787,4130485,2026-09-15 19:37:06.326440,Peter Ogunleye
TXN200788,3802008,2026-08-27 03:59:38.742606,Daniel Uche
TXN100789,1458301,2026-08-30 17:05:58.554313,Peace Ibrahim
TXN200790,2690896,2026-09-02 23:46:12.478086,Samuel Balogun
TXN100792,4623710,2026-09-20 17:41:30.709924,Cornelius Obi
TXN200793,1470381,2026-08-27 23:39:51.953201,Agnes Ogunleye
TXN100794,3042416,2026-09-17 08:26:09.436311,Philip Eze
TXN100795,1028062,2026-09-20 09:15:51.660876,Juliet Ogunleye
TXN100795,1028062,2026-09-20 09:15:51.660876,Juliet Ogunleye
TXN100796,1174983,2026-09-10 03:15:45.597493,Peace Adeyemi
TXN100797,4154156,2026-09-15 16:04:59.677780,Joseph Okafor
TXN100798,4657468,2026-08-28 08:57:12.298551,Agnes Ojo
TXN200799,4637549,2026-09-19 13:34:26.692305,Blessing Okonkwo
TXN100800,1098599,2026-09-08 17:58:33.458824,Blessing Abiola
TXN100801,733227,2026-08-31 00:21:31.020225,Joseph Ekwueme
TXN100802,3350007,2026-09-17 19:39:19.078053,Stephen Eze
TXN100802,3350007,2026-09-17 19:39:19.078053,Stephen Eze
TXN100803,4025333,2026-09-18 21:35:04.002794,Faith Okafor
TXN200804,628665,2026-09-13 14:33:58.941541,Philip Akinwale
TXN100805,1061317,2026-09-06 04:36:46.427589,Hope Chukwu
TXN100805,1061317,2026-09-06 04:36:46.427589,Hope Chukwu
TXN100806,632141,2026-09-02 04:09:02.919740,Philip Okonkwo
TXN100807,4349930,2026-09-08 07:16:13.832073,David Okonkwo
TXN100808,4634668,2026-09-02 15:15:09.204038,Peter Okafor
TXN100810,1092406,2026-09-13 20:14:50.682244,Nathaniel Okonkwo
TXN200811,4356155,2026-09-11 16:59:03.445584,Mark Oshodi
TXN100812,1293586,2026-09-11 02:45:15.022783,Joshua Oshodi
TXN100813,1368677,2026-09-23 13:04:38.863516,Charity Ekwueme
TXN100814,1901381,2026-08-30 13:41:08.471850,Cornelius Okafor
TXN100815,4363196,2026-09-13 06:01:48.839042,Elizabeth Obasanjo
TXN100816,671524,2026-09-08 22:04:30.948943,Victoria Abiola
TXN100817,4630792,2026-09-08 17:59:55.396385,Peace Ekwueme
TXN100818,2550276,2026-09-12 19:29:49.842074,Emmanuel Adetokunbo
TXN100819,793734,2026-09-14 09:06:07.368458,Joy Eze
TXN100820,1424620,2026-09-12 00:01:14.880656,Esther Ogunleye
TXN100821,4880815,2026-08-31 19:37:55.583850,Hope Obasanjo
TXN200822,4737970,2026-09-03 22:02:06.530444,Simon Adeyemi
TXN200823,248014,2026-09-12 11:34:22.606984,Joshua Akinwale
TXN100824,691346,2026-09-06 10:12:10.780415,James Ogunleye
TXN100825,4848307,2026-09-16 05:04:55.304991,Paul Nnamani
TXN100827,3504583,2026-09-14 08:20:18.072110,Peter Chukwu
TXN100828,264056,2026-09-21 05:40:22.170518,Victoria Abiola
TXN100829,4586635,2026-09-17 09:10:14.049084,Juliet Eze
TXN100830,2544149,2026-09-20 06:39:31.082852,Joy Ekwueme
TXN100831,3416551,2026-09-16 08:07:13.257733,Stephen Balogun
TXN100832,622142,2026-09-13 03:47:10.310520,James Uche
TXN100833,1336074,2026-09-10 01:47:01.098227,Deborah Eze
TXN100834,4072192,2026-09-16 03:24:49.890361,Angela Okafor
TXN100835,2863742,2026-09-07 02:30:34.643146,Elizabeth Obasanjo
TXN100836,2631958,2026-09-17 01:17:38.298169,Simon Ibrahim
TXN100837,2907178,2026-09-06 22:43:10.094677,Joseph Adetokunbo
TXN100837,2907178,2026-09-06 22:43:10.094677,Joseph Adetokunbo
TXN100839,4329966,2026-09-12 18:47:57.869589,Samuel Ekwueme
TXN100840,2686938,2026-09-17 18:11:53.260256,Ruth Ojo
TXN100841,1037788,2026-09-23 18:57:06.070217,James Eze
TXN100842,2089694,2026-08-27 16:24:58.394616,Benjamin Okafor
TXN100843,434507,2026-09-17 18:23:59.172108,Nathaniel Ekwueme
TXN100844,3232410,2026-09-13 17:07:32.336381,Mark Ekwueme
TXN100845,2092642,2026-09-15 03:08:47.295771,Nathaniel Ojo
TXN100845,2092642,2026-09-15 03:08:47.295771,Nathaniel Ojo
TXN200846,4855990,2026-09-17 22:52:29.937117,Joy Uche
TXN100847,2633242,2026-08-28 03:01:13.994530,Gloria Ekwueme
TXN100848,1346661,2026-09-20 09:14:49.698900,Peace Ogunleye
TXN100849,4327824,2026-09-16 09:26:17.859807,Benjamin Ogunleye
TXN100850,2598225,2026-09-10 09:55:54.817433,Juliet Eze
TXN100851,765403,2026-09-21 12:25:31.853553,Deborah Olawale
TXN100852,3845528,2026-09-07 03:38:53.905337,Joy Nnamani
TXN100852,3845528,2026-09-07 03:38:53.905337,Joy Nnamani
TXN100853,1814762,2026-09-23 08:31:07.171994,Mary Abiola
TXN100854,418174,2026-09-06 03:28:23.402458,Deborah Okafor
TXN100855,4161473,2026-09-14 10:50:41.547201,Michael Oshodi
TXN100856,3957568,2026-09-09 19:07:12.597943,Benjamin Ojo
TXN200857,3624884,2026-09-16 02:00:40.533585,Philip Chukwu
TXN100858,1133771,2026-09-25 11:02:32.088862,Joseph Ojo
TXN100860,3079705,2026-09-21 00:16:22.092389,Agnes Balogun
TXN100861,439141,2026-09-24 11:40:13.120044,Sarah Obasanjo
TXN100862,1642887,2026-09-21 15:56:59.532005,Mary Chukwu
TXN100863,2430966,2026-09-07 02:34:34.732395,Ruth Olawale
TXN100864,4240001,2026-09-03 21:11:21.522105,Peter Oshodi
TXN100865,4622535,2026-08-31 03:13:20.539136,Sarah Obasanjo
TXN100866,1006659,2026-09-14 23:14:25.199361,Emmanuel Ojo
TXN100867,821023,2026-09-20 13:33:43.042696,Deborah Eze
TXN100868,2854453,2026-09-19 11:12:39.437466,Elizabeth Uche
TXN100870,1679818,2026-08-29 13:49:22.768846,Faith Ojo
TXN100871,3377078,2026-09-03 09:44:13.126071,Philip Olawale
TXN100872,390032,2026-09-05 16:28:54.976932,Benjamin Okafor
TXN200873,4366478,2026-09-04 06:40:10.029271,Peace Chukwu
TXN100874,3843497,2026-09-21 06:18:51.728700,Simon Uche
TXN100875,4334375,2026-09-10 01:06:12.154184,Gabriel Okonkwo
TXN100876,2682023,2026-09-16 02:19:04.269284,Simon Uche
TXN100877,2520159,2026-09-17 18:59:23.188281,Joshua Chukwu
TXN200878,4475590,2026-09-15 08:11:26.967567,Deborah Eze
TXN100880,2524825,2026-09-25 07:12:20.640934,Mark Ekwueme
TXN100881,149560,2026-09-16 06:50:51.669700,Cornelius Balogun
TXN100882,929429,2026-09-17 02:06:15.832583,Andrew Ogunleye
TXN100882,929429,2026-09-17 02:06:15.832583,Andrew Ogunleye
TXN100883,4906448,2026-09-13 03:50:22.196762,Joseph Ibrahim
TXN100884,233532,2026-09-05 13:38:27.195708,John Ogunleye
TXN100885,2237430,2026-09-16 09:22:41.831959,Elizabeth Ogunleye
TXN100885,2237430,2026-09-16 09:22:41.831959,Elizabeth Ogunleye
TXN100886,4862594,2026-09-08 07:13:16.111232,Cornelius Ogunleye
TXN100887,440798,2026-09-01 06:09:42.047558,Philip Oshodi
TXN100888,1440358,2026-09-25 07:47:25.010880,Sarah Oyekan
TXN100889,3199267,2026-09-01 15:27:31.619190,Peter Oyekan
TXN100890,2041692,2026-09-02 11:56:11.135479,Agnes Ekwueme
TXN100891,931870,2026-09-25 08:35:26.220891,John Ogunleye
TXN100892,3709699,2026-08-26 18:42:49.851450,Peter Nnamani
TXN100893,1280297,2026-09-08 10:53:53.077956,Charity Akinwale
TXN100894,1720367,2026-09-03 04:45:07.031962,Joseph Olawale
TXN100895,3966366,2026-09-05 19:23:30.000941,Patience Ojo
TXN100897,4361030,2026-09-24 16:24:40.766977,John Oshodi
TXN100898,2736713,2026-09-24 10:32:26.843823,Simon Abiola
TXN100898,2736713,2026-09-24 10:32:26.843823,Simon Abiola
TXN100899,4022866,2026-09-01 12:19:12.570970,Mary Ekwueme
TXN100900,2641917,2026-09-02 22:40:21.034667,Paul Olawale
TXN100901,4482193,2026-09-04 23:09:04.372452,Cornelius Okafor
TXN100902,2981974,2026-09-17 04:51:07.304634,Benjamin Adeyemi
TXN100903,2227630,2026-09-21 07:17:47.082877,Samuel Ekwueme
TXN100904,1622613,2026-09-09 00:00:17.877897,Gloria Ogunleye
TXN100905,4691570,2026-09-03 13:22:09.501355,Blessing Ibrahim
TXN100907,1748772,2026-09-22 02:38:26.998484,Agnes Okonkwo
TXN100908,4112055,2026-09-16 13:20:32.694894,Mary Chukwu
TXN100909,2935973,2026-09-18 23:02:41.022861,John Chukwu
TXN100910,2303928,2026-09-01 06:48:47.133244,Michael Oshodi
TXN100911,4820672,2026-08-29 22:29:49.744596,David Ekwueme
TXN100912,3195009,2026-08-28 00:41:53.162195,Daniel Okonkwo
TXN100913,2905522,2026-09-25 11:38:55.623676,Nathaniel Abiola
TXN100914,1238730,2026-08-27 00:19:16.996017,Grace Nnamani
TXN100915,2422398,2026-09-12 10:29:59.701282,Deborah Eze
TXN100916,2915678,2026-08-31 21:14:48.441315,Esther Ojo
TXN100918,1805051,2026-09-04 05:21:46.291094,John Balogun
TXN100919,4527919,2026-09-11 21:35:57.267729,Joshua Adeyemi
TXN100920,4724548,2026-09-19 22:03:14.126348,Paul Ekwueme
TXN100921,1161529,2026-09-07 05:53:38.768584,Grace Ojo
TXN100922,4932691,2026-09-16 14:53:51.453737,Andrew Obi
TXN100923,435851,2026-09-24 07:15:37.550326,Andrew Okafor
TXN100924,4464698,2026-09-18 00:23:28.775726,Philip Eze
TXN100925,1963174,2026-09-25 06:41:49.101584,Peter Ibrahim
TXN100926,3477023,2026-09-13 03:03:45.053963,Paul Obasanjo
TXN100927,3972811,2026-09-05 19:58:39.043115,Victoria Ojo
TXN100928,1163157,2026-09-13 15:56:37.264080,Charity Ojo
TXN100929,4626691,2026-09-21 05:19:23.902875,Deborah Akinwale
TXN100929,4626691,2026-09-21 05:19:23.902875,Deborah Akinwale
TXN100930,1334905,2026-09-23 10:47:54.257150,Joshua Ibrahim
TXN100931,4000457,2026-09-19 15:14:22.894804,Peter Oshodi
TXN100933,2419586,2026-09-19 02:21:29.227871,Philip Oyekan
TXN100934,505882,2026-09-16 19:25:30.098422,Peace Adeyemi
TXN100935,4826179,2026-09-12 08:11:59.126072,Nathaniel Ibrahim
TXN100936,322559,2026-09-25 02:45:49.627162,James Akinwale
TXN100937,3515153,2026-09-05 22:24:38.780140,Deborah Olawale
TXN100938,314840,2026-09-04 14:22:51.401632,Agnes Ojo
TXN100938,314840,2026-09-04 14:22:51.401632,Agnes Ojo
TXN200939,1572895,2026-09-19 19:15:50.620479,Stephen Oshodi
TXN100940,2437733,2026-09-22 22:46:33.420669,James Uche
TXN100941,2513095,2026-09-13 00:45:33.819256,Agnes Uche
TXN100942,909946,2026-09-02 01:36:51.178000,Hope Oshodi
TXN100943,2397076,2026-08-30 22:50:34.854593,Victoria Ojo
TXN100944,4567534,2026-09-03 14:17:08.091734,Paul Ogunleye
TXN200945,3936042,2026-09-04 22:35:19.898670,Gloria Ojo
TXN100946,2298723,2026-08-29 09:31:06.422394,Elizabeth Okonkwo
TXN100947,954949,2026-09-08 20:23:39.010547,Emmanuel Abiola
TXN100948,3859653,2026-09-23 10:45:48.576777,Sarah Okafor
TXN100949,1571951,2026-09-05 16:02:56.946506,Emmanuel Olawale
TXN200950,4772894,2026-09-07 00:02:33.416498,Angela Obasanjo
TXN100951,1630354,2026-09-24 12:42:00.419683,Agnes Ogunleye
TXN200952,4332487,2026-09-11 23:34:07.889189,Benjamin Eze
TXN100953,2760848,2026-09-01 00:15:41.500920,Mary Oshodi
TXN100954,810148,2026-09-07 03:59:55.578218,David Akinwale
TXN100955,1189537,2026-09-05 21:15:39.351223,Grace Olawale
TXN100956,2090769,2026-09-10 08:39:34.747628,Sarah Uche
TXN100957,3227655,2026-09-11 17:12:23.310934,Ruth Obasanjo
TXN100958,2249519,2026-09-21 14:52:06.167020,Mark Obi
TXN100960,105929,2026-09-14 16:10:57.595724,Ruth Balogun
TXN100961,3026141,2026-09-01 19:15:57.034274,Sarah Akinwale
TXN100962,531136,2026-08-27 12:15:49.720292,Joy Ogunleye
TXN100963,3914016,2026-09-20 11:43:22.858027,Elizabeth Ogunleye
TXN100964,3410881,2026-08-27 09:39:15.556900,Juliet Okonkwo
TXN100965,2618672,2026-09-11 03:56:19.234397,Gabriel Okonkwo
TXN100966,2484954,2026-08-29 01:46:54.228412,Esther Adeyemi
TXN100967,1862617,2026-09-08 09:48:53.708412,Esther Adeyemi
TXN100968,1130456,2026-09-18 17:03:36.568143,Joseph Okonkwo
TXN100970,3144192,2026-09-08 12:15:09.398766,Mary Ibrahim
TXN100971,4617587,2026-08-31 15:08:58.961099,Deborah Ekwueme
TXN200972,1842169,2026-09-20 01:38:12.020741,Emmanuel Olawale
TXN100973,2085890,2026-09-23 08:01:13.306529,Hope Balogun
TXN100974,696777,2026-09-21 09:57:52.885078,John Olawale
TXN100976,664787,2026-09-20 11:30:57.893247,Stephen Okafor
TXN200977,4250332,2026-09-09 17:53:02.960968,Daniel Olawale
TXN100978,1705813,2026-08-27 22:56:20.033825,Simon Ibrahim
TXN100979,1267052,2026-08-31 06:46:32.311761,Hope Akinwale
TXN100980,4374941,2026-09-01 01:00:25.389875,Joshua Nnamani
TXN100982,4110586,2026-09-21 06:13:27.510330,Michael Oshodi
TXN100983,4291338,2026-09-08 14:14:13.412126,Patience Balogun
TXN100984,476706,2026-09-07 20:52:22.602387,Mark Oshodi
TXN100985,4315434,2026-09-01 12:55:59.161321,Cornelius Uche
TXN100986,4740429,2026-09-22 15:39:50.152207,Joy Nnamani
TXN100987,3888710,2026-08-27 23:16:20.991689,Cornelius Abiola
TXN100989,3331458,2026-08-28 07:12:11.161123,Joy Olawale
TXN100991,4861226,2026-09-24 20:34:12.955141,Stephen Okonkwo
TXN100992,3564231,2026-09-13 18:50:13.009506,Stephen Ojo
TXN100993,544856,2026-09-03 01:55:19.981093,Mary Adetokunbo
TXN100994,515030,2026-09-25 12:53:10.816709,Joseph Obi
TXN100995,3970020,2026-09-25 01:29:38.353945,James Adeyemi
TXN100996,3439824,2026-09-17 03:22:49.585735,Deborah Adetokunbo
TXN100998,3536251,2026-08-29 08:05:45.221325,Agnes Ibrahim
TXN100999,3218471,2026-08-30 04:39:53.298031,Patience Olawale
